N,Rayon,Cena,LnCena,CenaM,Nkomnat,PlOb,LnPlOb,PlZ,LnPlZ,PlK,LnPlK,ketaz,Type,God,Address,Longitude,Latitude,CenterDistance,Station,StationDistance,LnCenterDistance,LnStationDistance
1,Московский,40000,10.59663473,1333,1,30,3.401197382,12,2.48490665,7,1.945910149,0,0,1986,"Космонавтов, 23/43",27.460169,53.850895,8774,Кунцевщина,6137,9.07954808172616,8.722091302389098
2,Фрунзенский,37700,10.53741537,1257,1,30,3.401197382,12,2.48490665,7,1.945910149,0,0,1980,"Лещинского, 17",27.451168,53.909981,7298,Кунцевщина,485,8.895355616996392,6.184148890937483
3,Фрунзенский,37000,10.51867319,1762,1,21,3.044522438,12,2.48490665,5,1.609437912,1,1,1971,"Чигладзе, 6/2",27.500862,53.925916,4780,Пушкинская,1847,8.472195825485501,7.52131798019924
4,Фрунзенский,41000,10.62132735,1464,1,28,3.33220451,13,2.564949357,8,2.079441542,0,0,1978,"Дунина-Марцинкевича, 4/2",27.487603,53.905955,4879,Спортивная,519,8.492695559815838,6.251903883165888
5,Партизанский,59500,10.99373159,1750,1,34,3.526360525,14,2.63905733,6,1.791759469,0,1,1956,"пер. Броневой, 13",27.580812,53.90578,1300,Площадь Победы,531,7.170119543449628,6.274762021241939
6,Московский,50000,10.81977828,1316,1,38,3.63758616,16,2.772588722,6,1.791759469,0,1,1997,"Рафиева, 70",27.440882,53.86295,9050,Каменная Горка,4856,9.110520036693972,8.487970332739334
7,Фрунзенский,57000,10.95080655,1462,1,39,3.663561646,16,2.772588722,8.4,2.128231706,0,0,2001,"Тимошенко, 10",27.462181,53.90492,6533,Кунцевщина,534,8.78462153484075,6.280395838960195
8,Центральный,55000,10.91508846,2099,1,26.2,3.265759411,16.2,2.785011242,5.8,1.757857918,1,1,2008,"Чичерина, 12",27.564553,53.9132,1227,Площадь Победы,826,7.112327444710911,6.716594773520978
9,Московский,40000,10.59663473,1274,1,31.4,3.446807893,16.3,2.791165108,8,2.079441542,0,1,1968,Р.Люксембург,27.514903,53.890627,3337,Институт Культуры,1743,8.112827478751374,7.463363045520021
10,Заводской,42000,10.6454249,1243,1,33.8,3.520460802,16.8,2.821378886,7.2,1.974081026,0,0,1990,"Грибной пер.,28/1",27.672989,53.883744,7562,Автозаводская,2318,8.930890984450878,7.748460023899697
11,Заводской,42000,10.6454249,1243,1,33.8,3.520460802,16.8,2.821378886,7.2,1.974081026,0,0,1990,"пер. Грибной, 28/1",27.672989,53.883744,7562,Автозаводская,2318,8.930890984450878,7.748460023899697
12,Советский,42000,10.6454249,1250,1,33.6,3.514526067,16.9,2.827313622,6.7,1.902107526,1,0,1968,"Кольцова, 18/1",27.606477,53.953387,6386,Московская,3129,8.761863373274727,8.048468743668883
13,Заводской,40000,10.59663473,1212,1,33,3.496507561,17,2.833213344,7.2,1.974081026,0,0,1974,"Герасименко, 41",27.680211,53.881467,8087,Могилёвская,2223,8.998013113095823,7.706612913964197
14,Заводской,52000,10.858999,1585,1,32.8,3.490428515,17,2.833213344,7.1,1.960094784,0,0,1975,"Плеханова, 121",27.595536,53.858952,5295,Партизанская,2883,8.574518258035507,7.9665866976384025
15,Заводской,43000,10.66895539,1303,1,33,3.496507561,17,2.833213344,7,1.945910149,0,0,1989,"Байкальская, 5",27.67324,53.874153,7935,Могилёвская,1374,8.97903863296051,7.2254814727822945
16,Заводской,48000,10.77895629,1455,1,33,3.496507561,17,2.833213344,7.1,1.960094784,0,0,1982,"Алтайская, 102/3",27.67245,53.872008,7985,Могилёвская,1139,8.985320060649112,7.037905963447182
17,Ленинский,40000,10.59663473,1176,1,34,3.526360525,17,2.833213344,17.2,2.844909384,0,0,1980,"Якубова, 30",27.597898,53.854268,5834,Партизанская,3133,8.671458150427666,8.049746290952191
18,Ленинский,52000,10.858999,1529,1,34,3.526360525,17,2.833213344,7,1.945910149,0,0,1973,"пр-т Рокоссовского, 83",27.609181,53.861325,5506,Партизанская,2055,8.613593685702552,7.628031126930335
19,Ленинский,43000,10.66895539,1303,1,33,3.496507561,17,2.833213344,7,1.945910149,0,0,1976,"пр-т Рокоссовского, 49",27.60239,53.867766,4664,Партизанская,1974,8.447628728030327,7.587817219993427
20,Ленинский,52000,10.858999,1529,1,34,3.526360525,17,2.833213344,7,1.945910149,0,0,1973,"пр-т Рокоссовского, 83",27.609181,53.861325,5506,Партизанская,2055,8.613593685702552,7.628031126930335
21,Московский,48000,10.77895629,1297,1,37,3.610917913,17,2.833213344,7,1.945910149,0,0,1998,"Слободская, 55",27.438582,53.855622,9597,Каменная Горка,5666,9.169205828617628,8.642238680390461
22,Московский,46500,10.74720759,1409,1,33,3.496507561,17,2.833213344,7.2,1.974081026,0,0,1998,"Слободская, 91",27.443918,53.848266,9784,Кунцевщина,6452,9.188503677367008,8.772145439245099
23,Октябрьский,43900,10.6896696,1318,1,33.3,3.505557397,17,2.833213344,7.6,2.028148247,1,0,1973,"Воронянского, 52",27.556351,53.876191,2921,Институт Культуры,1516,7.979681302387741,7.323830566202317
24,Партизанский,40000,10.59663473,1290,1,31,3.433987204,17,2.833213344,7,1.945910149,1,1,1971,"Запорожская, 28",27.627606,53.909312,4374,Парк Челюскинцев,1915,8.383433201236713,7.557472901614746
25,Первомайский,56000,10.93310697,1514,1,37,3.610917913,17,2.833213344,6,1.791759469,0,1,1970,"Платонова, 35/2",27.593622,53.910405,2266,Площадь Якуба Коласа,891,7.725771441587952,6.792344427470809
26,Первомайский,49000,10.79957558,1633,1,30,3.401197382,17,2.833213344,6,1.791759469,1,0,1970,"Толбухина, 5/а",27.611849,53.926043,4204,Парк Челюскинцев,213,8.343791731996841,5.3612921657094255
27,Первомайский,49000,10.79957558,1531,1,32,3.465735903,17,2.833213344,7,1.945910149,0,0,1970,"Волгоградсая, 57/а",27.60928,53.936396,4899,Парк Челюскинцев,1369,8.496786381638575,7.221835825288449
28,Первомайский,65000,11.08214255,1970,1,33,3.496507561,17,2.833213344,7,1.945910149,0,0,1973,"пл. Независимости, 157",27.547242,53.895509,1218,Площадь Ленина,228,7.1049654482698426,5.429345628954441
30,Советский,57000,10.95080655,1839,1,31,3.433987204,17,2.833213344,7,1.945910149,0,1,1973,"М.Богдановича, 143",27.570347,53.925375,2626,Площадь Якуба Коласа,1369,7.873217054862741,7.221835825288449
31,Советский,45000,10.71441777,1406,1,32,3.465735903,17,2.833213344,6,1.791759469,1,1,1967,"М.Богдановича, 133",27.568533,53.923371,2385,Площадь Якуба Коласа,1295,7.776954403322442,7.166265974133638
32,Фрунзенский,36000,10.49127422,1200,1,30,3.401197382,17,2.833213344,5,1.609437912,1,1,1968,"Харьковская,86",27.501087,53.89623,4036,Пушкинская,1488,8.3030093814735,7.305188215393037
33,Фрунзенский,42000,10.6454249,1200,1,35,3.555348061,17,2.833213344,8,2.079441542,1,0,1974,"Я.Марвра, 5",27.490334,53.903652,4686,Пушкинская,786,8.452334619067742,6.666956792429207
34,Фрунзенский,48000,10.77895629,1455,1,33,3.496507561,17,2.833213344,7.2,1.974081026,1,0,1998,"М.Горецкого, 67",27.438942,53.889752,8169,Каменная Горка,1875,9.00810178134187,7.536363938404511
35,Фрунзенский,55000,10.91508846,1410,1,39,3.663561646,17,2.833213344,9,2.197224577,0,0,2000,"Фёдорова, 9",27.424595,53.883893,9219,Каменная Горка,2659,9.129021850798594,7.88570539124302
36,Фрунзенский,36000,10.49127422,1200,1,30,3.401197382,17,2.833213344,5,1.609437912,1,1,1968,"Харьковская, 86",27.501087,53.89623,4036,Пушкинская,1488,8.3030093814735,7.305188215393037
37,Фрунзенский,42000,10.6454249,1200,1,35,3.555348061,17,2.833213344,8,2.079441542,1,0,1974,"Я.Мавра, 5",27.490334,53.903652,4686,Пушкинская,786,8.452334619067742,6.666956792429207
38,Фрунзенский,64000,11.06663836,1561,1,41,3.713572067,17,2.833213344,9.5,2.251291799,0,0,2005,"Притыцкого, 47",27.478072,53.905774,5500,Спортивная,333,8.612503371220562,5.808142489980444
39,Центральный,47000,10.75790288,1382,1,34,3.526360525,17,2.833213344,7.2,1.974081026,0,0,1984,"Червякова, 2/2",27.553701,53.920911,2139,Немига,1687,7.668093709082406,7.430707082545968
40,Центральный,50000,10.81977828,1562,1,32,3.465735903,17,2.833213344,7,1.945910149,0,1,1968,"Тарханова, 9/а",27.529231,53.917448,2722,Молодёжная,1268,7.909122183211411,7.145196134997171
41,Центральный,53000,10.87804719,1828,1,29,3.36729583,17,2.833213344,6,1.791759469,0,1,1961,"Осипенко, 26",27.554941,53.925831,2657,Площадь Якуба Коласа,2184,7.884952945759814,7.688913336864796
42,Центральный,70000,11.15625052,2121,1,33,3.496507561,17,2.833213344,7.2,1.974081026,0,0,1986,"Заславская, 18/2",27.535996,53.911455,1977,Фрунзенская,706,7.589335823170617,6.559615237493242
44,Первомайский,40000,10.59663473,1201,1,33.3,3.505557397,17.1,2.839078464,6.1,1.808288771,1,0,1967,"Калиновского, 107",27.641862,53.944696,7044,Восток,1274,8.859931469616097,7.149916836132109
45,Фрунзенский,63000,11.05089001,1575,1,40,3.688879454,17.1,2.839078464,9.5,2.251291799,0,0,2004,"Одинцова, 3/2",27.459549,53.898427,6713,Кунцевщина,912,8.811801223938751,6.815639990074331
47,Партизанский,45000,10.71441777,1376,1,32.7,3.487375078,17.2,2.844909384,6.2,1.824549292,1,0,1970,"Щербакова, 4/2",27.609262,53.883707,3727,Тракторный завод,787,8.223358899479258,6.668228248417403
48,Московский,41000,10.62132735,1362,1,30.1,3.404525172,17.6,2.867898902,6,1.791759469,1,0,1962,"Лермонтова, 49",27.512325,53.894697,3352,Молодёжная,1508,8.117312461601975,7.318539548567902
49,Октябрьский,45000,10.71441777,1216,1,37,3.610917913,17.6,2.867898902,8.1,2.091864062,0,0,1982,"Асаналиева, 2",27.555004,53.852542,5545,Институт Культуры,3846,8.620651899784468,8.254788926148725
50,Октябрьский,45000,10.71441777,1216,1,37,3.610917913,17.6,2.867898902,8.1,2.091864062,0,0,1982,"Асаналиева, 2",27.555004,53.852542,5545,Институт Культуры,3846,8.620651899784468,8.254788926148725
51,Московский,55000,10.91508846,1421,1,38.7,3.6558396,17.9,2.884800713,8.6,2.151762203,0,0,1998,"пр-т Газ-ты Правда, 46",27.474335,53.861771,7289,Кунцевщина,5089,8.894121641382213,8.534836626588833
52,Фрунзенский,55000,10.91508846,1279,1,43,3.761200116,17.9,2.884800713,9.1,2.208274414,0,0,1997,"Лынькова, 15/а",27.488888,53.927257,5525,Пушкинская,2055,8.617038526385954,7.628031126930335
53,Заводской,60000,11.00209984,1333,1,45,3.80666249,18,2.890371758,10.4,2.341805806,0,1,2008,"Крупской, 23",27.623806,53.859488,6250,Партизанская,1804,8.740336742730447,7.4977617006225685
54,Заводской,41000,10.62132735,1206,1,34,3.526360525,18,2.890371758,7,1.945910149,0,1,1970,"Варвашени, 8/1",27.673258,53.865685,8352,Могилёвская,435,9.03025631012242,6.075346031088684
55,Заводской,39000,10.57131693,1219,1,32,3.465735903,18,2.890371758,6.2,1.824549292,1,0,1970,"Байкальская, 64",27.683418,53.865011,8974,Могилёвская,714,9.102086786535928,6.570882962339584
56,Заводской,58000,10.96819829,1289,1,45,3.80666249,18,2.890371758,9,2.197224577,0,0,2010,"Одесская, 6",27.654798,53.869093,7116,Автозаводская,439,8.870101048785726,6.0844994130751715
57,Ленинский,59000,10.98529272,1372,1,43,3.761200116,18,2.890371758,10,2.302585093,0,0,2004,"Я.Лучины, 8",27.568371,53.838379,7113,Институт Культуры,5607,8.869679374733515,8.631771096123673
58,Ленинский,49000,10.79957558,1289,1,38,3.63758616,18,2.890371758,8,2.079441542,1,0,1988,"Малинина, 8",27.620904,53.85585,6447,Партизанская,2241,8.77137018531062,7.714677473800927
59,Ленинский,52000,10.858999,1405,1,37,3.610917913,18,2.890371758,7,1.945910149,0,0,1988,"Малинина, 8",27.620904,53.85585,6447,Партизанская,2241,8.77137018531062,7.714677473800927
60,Ленинский,57000,10.95080655,1500,1,38,3.63758616,18,2.890371758,7,1.945910149,1,0,1983,"Плеханова, 58/3",27.593065,53.864049,4714,Партизанская,2705,8.458292083496076,7.902857191280582
61,Московский,34000,10.4341158,1133,1,30,3.401197382,18,2.890371758,6,1.791759469,1,0,1963,"Волоха, 53",27.509504,53.89423,3543,Молодёжная,1650,8.172729104865471,7.408530566894626
62,Октябрьский,42500,10.65725935,1328,1,32,3.465735903,18,2.890371758,6.4,1.85629799,0,1,1968,"Пуховичская, 18",27.549964,53.8497,5894,Институт Культуры,4089,8.68169016329764,8.316055720364643
63,Первомайский,65000,11.08214255,1776,1,36.6,3.60004824,18,2.890371758,9,2.197224577,0,0,1980,"пл. Независимости, 155/1",27.547242,53.895509,1218,Площадь Ленина,228,7.1049654482698426,5.429345628954441
64,Первомайский,63000,11.05089001,1416,1,44.5,3.795489189,18,2.890371758,9.2,2.219203484,0,0,2004,"Филимонова, 14",27.63534,53.910808,4902,Московская,1988,8.497398564088058,7.59488438721652
65,Фрунзенский,47500,10.76848499,1357,1,35,3.555348061,18,2.890371758,7.5,2.014903021,0,0,1973,"Матусевича, 32",27.475233,53.916732,5894,Спортивная,1003,8.68169016329764,6.910750787961936
66,Фрунзенский,43000,10.66895539,1254,1,34.3,3.535145354,18,2.890371758,6,1.791759469,0,1,1973,"Д.Сердича, 74",27.489364,53.920937,5179,Пушкинская,1379,8.552367266423891,7.229113877793302
67,Фрунзенский,52000,10.858999,1486,1,35,3.555348061,18,2.890371758,7.5,2.014903021,0,0,1971,"Одоевского, 109",27.483552,53.901164,5129,Спортивная,815,8.542665987389269,6.703188113240863
68,Фрунзенский,56500,10.94199592,1256,1,45,3.80666249,18,2.890371758,9.5,2.251291799,0,0,2003,"Шаранговича, 59-2",27.43516,53.879896,8663,Каменная Горка,2971,9.06681636189014,7.9966538754626075
69,Центральный,55000,10.91508846,1618,1,34,3.526360525,18,2.890371758,7,1.945910149,1,0,1970,"Карастояновой, 25",27.564526,53.936073,3760,Площадь Якуба Коласа,2568,8.23217423638394,7.850882664809852
70,Центральный,43000,10.66895539,1433,1,30,3.401197382,18,2.890371758,6,1.791759469,1,1,1969,"Орловская, 31",27.553072,53.931949,3347,Площадь Якуба Коласа,2684,8.115819701211327,7.895063498091573
71,Центральный,55000,10.91508846,1618,1,34,3.526360525,18,2.890371758,7,1.945910149,1,0,1970,"Каростояновой, 25",27.564526,53.936073,3760,Площадь Якуба Коласа,2568,8.23217423638394,7.850882664809852
74,Первомайский,60000,11.00209984,1415,1,42.4,3.747148362,18.2,2.901421594,9.5,2.251291799,0,1,2005,"Филимонова, 55/3",27.638332,53.925248,5618,Московская,778,8.633731007664188,6.656726524178391
75,Первомайский,49000,10.79957558,1541,1,31.8,3.45946629,18.9,2.939161922,5.7,1.740466175,0,0,1963,"Натуралистов, 5",27.616413,53.928842,4632,Парк Челюскинцев,549,8.440744019252831,6.3080984415095305
77,Заводской,47000,10.75790288,1424,1,33,3.496507561,19,2.944438979,6,1.791759469,0,1,1972,"Уборевича, 38",27.643856,53.843081,8492,Могилёвская,2868,9.046879822823147,7.961370201719511
78,Ленинский,48000,10.77895629,1333,1,36,3.583518938,19,2.944438979,6.5,1.871802177,1,1,1978,"пр-т Рокоссовского, 112",27.606585,53.856764,5844,Партизанская,2559,8.67317077287059,7.847371836159788
79,Ленинский,84000,11.33857208,1292,2,65,4.17438727,19,2.944438979,41,3.713572067,0,0,2009,"Маяковского, 103",27.573931,53.864644,4256,Пролетарская,2981,8.35608503102148,8.000014093678072
81,Советский,46000,10.73639668,1394,1,33,3.496507561,19,2.944438979,6,1.791759469,1,1,1970,"Кольцова, 12/2",27.609918,53.953212,6475,Московская,3019,8.775703886567738,8.012680929706839
82,Советский,49000,10.79957558,1531,1,32,3.465735903,19,2.944438979,5.8,1.757857918,0,0,1967,"пр-т Машерова, 18",27.573294,53.915756,1674,Площадь Якуба Коласа,685,7.422971251049421,6.529418838262226
83,Центральный,46500,10.74720759,1500,1,31,3.433987204,19,2.944438979,6,1.791759469,0,0,1963,"Гая, 13",27.560726,53.926769,2723,Площадь Якуба Коласа,1930,7.909489492673759,7.5652752818989315
85,Советский,55000,10.91508846,1852,1,29.7,3.391147046,19.1,2.949688335,6,1.791759469,1,1,1961,"М.Богдановича, 52",27.566206,53.918827,1861,Площадь Якуба Коласа,1193,7.528869256642251,7.084226422097916
86,Октябрьский,68000,11.12726298,1557,1,43.67,3.776661367,19.3,2.960105096,10.3,2.332143895,1,1,1956,"Брилевская, 3",27.532789,53.87695,3398,Институт Культуры,1126,8.130942302231878,7.026426808699636
87,Партизанский,78000,11.26446411,2091,1,37.3,3.618993327,19.5,2.970414466,8.5,2.140066163,0,1,1958,"пер.Броневой, 6",27.579842,53.904841,1211,Площадь Победы,576,7.099201743553092,6.3561076606958915
88,Фрунзенский,69000,11.14186178,1345,1,51.3,3.937690752,20.2,3.005682604,11.2,2.415913778,0,0,2007,"Харьковская, 58",27.513493,53.900326,3175,Молодёжная,956,8.063062911326792,6.862757913051401
90,Московский,46000,10.73639668,1211,2,38,3.63758616,22.1,3.095577609,7.4,2.00148,0,1,1966,"Куприянова, 17",27.519431,53.898464,2811,Молодёжная,937,7.941295570906532,6.842683282238422
91,Московский,61500,11.02679245,1281,1,48,3.871201011,23,3.135494216,9,2.197224577,0,0,2005,"Алибегова, 16",27.480668,53.872815,6245,Спортивная,3945,8.739536422559677,8.280204233279974
93,Первомайский,47000,10.75790288,1306,2,36,3.583518938,23,3.135494216,6,1.791759469,1,1,1970,"Почтовая, 1",27.710646,53.945788,10870,Уручье,1503,9.293761980115255,7.315218389752975
94,Советский,53000,10.87804719,1262,2,42,3.737669618,23,3.135494216,6,1.791759469,0,1,1963,"Я.Коласа, 63",27.602192,53.934811,4476,Парк Челюскинцев,1371,8.406485069431817,7.223295679562314
95,Фрунзенский,75100,11.22657584,1336,1,56.2,4.028916757,23.5,3.157000421,10.3,2.332143895,0,1,2008,"Лобанка, 81",27.431099,53.887199,8726,Каменная Горка,2195,9.074062353683555,7.693937325509272
96,Советский,110000,11.60823564,1630,2,67.5,4.212127598,23.6,3.161246712,25.5,3.238678452,1,1,1974,"Ломоносова, 10",27.596228,53.932378,4031,Академия наук,1157,8.301769763117166,7.053585727193677
97,Заводской,54000,10.89673933,1360,2,39.7,3.681351188,23.7,3.165475048,7.2,1.974081026,1,0,1983,"Герасименко, 29",27.682762,53.882555,8214,Могилёвская,2377,9.013595294516504,7.773594467360194
98,Советский,54900,10.91326863,1366,2,40.2,3.693866996,23.7,3.165475048,6.2,1.824549292,1,1,1969,"Кольцова, 38",27.601267,53.953418,6241,Московская,3296,8.738895704934043,8.100464891029363
100,Ленинский,53000,10.87804719,1359,2,39,3.663561646,24,3.17805383,6.2,1.824549292,1,0,1988,"пр-т Рокоссовского, 53",27.603782,53.86741,4748,Партизанская,1910,8.465478755729558,7.554858521040676
101,Первомайский,53700,10.89116828,1377,2,39,3.663561646,24,3.17805383,6.2,1.824549292,0,0,1976,"Калиновского, 83",27.637676,53.944808,6852,Восток,1434,8.832295859444011,7.2682230211595655
102,Первомайский,55000,10.91508846,1447,2,38,3.63758616,24.2,3.186352633,5.7,1.740466175,1,1,1956,"Чорного, 10/а",27.602659,53.925417,3707,Академия наук,439,8.217978203150732,6.0844994130751715
103,Партизанский,64000,11.06663836,1684,1,38,3.63758616,24.6,3.202746443,-,4.624972813,0,1,2004,"Холмогорская, 53",27.652399,53.889529,6095,Партизанская,2169,8.715224041915372,7.682021510826875
106,Ленинский,47000,10.75790288,603,2,78,4.356708827,25,3.218875825,11,2.397895273,0,1,1990,"пр-т газ-ты Известия, 15",27.484621,53.866402,6441,Институт Культуры,4254,8.77043908654689,8.355614995760183
107,Партизанский,65000,11.08214255,1625,2,40,3.688879454,25,3.218875825,5,1.609437912,1,1,1967,"пер. Броневой, 12",27.582034,53.906029,1384,Площадь Победы,571,7.232733136177615,6.3473892096560105
108,Первомайский,75000,11.22524339,1645,2,45.6,3.819907717,25,3.218875825,8,2.079441542,0,1,1969,"Калиновского, 101",27.641233,53.943419,6919,Восток,1173,8.842026529498812,7.067319848653476
109,Первомайский,54000,10.89673933,1317,2,41,3.713572067,25,3.218875825,6,1.791759469,1,0,1968,"Славинского, 7/2",27.635205,53.941002,6446,Восток,1259,8.771215062375383,7.138073034044347
110,Первомайский,54000,10.89673933,1317,2,41,3.713572067,25.5,3.238678452,6.3,1.840549633,0,0,1978,"Калиновского, 97",27.640245,53.944532,6954,Восток,1312,8.847072312567807,7.179307969504034
111,Заводской,48000,10.77895629,1171,2,41,3.713572067,26,3.258096538,2,0.693147181,1,0,1964,"Шабаны, 3",27.692096,53.835096,11338,Могилёвская,3196,9.33591519488425,8.069655306886165
112,Московский,71000,11.17043516,1690,2,42,3.737669618,26,3.258096538,6.4,1.85629799,0,1,1961,"Короля, 17",27.539939,53.90317,1439,Фрунзенская,252,7.271703706887368,5.529429087511423
113,Октябрьский,54000,10.89673933,1317,2,41,3.713572067,26,3.258096538,6,1.791759469,0,1,1967,"Брилевская, 17",27.530911,53.875384,3611,Институт Культуры,1337,8.191740021277457,7.198183577101943
115,Первомайский,53800,10.89302875,1312,2,41,3.713572067,26.2,3.265759411,6,1.791759469,1,0,1964,"Волгоградская, 49",27.611526,53.936455,4999,Парк Челюскинцев,1356,8.51699317141357,7.212294468500341
116,Заводской,45000,10.71441777,1184,2,38,3.63758616,27,3.295836866,5,1.609437912,1,1,1958,"Грекова, 3",27.627471,53.867177,5803,Партизанская,919,8.666130304190608,6.823286122355687
117,Заводской,50000,10.81977828,1163,2,43,3.761200116,27,3.295836866,6,1.791759469,1,1,1957,"Челюскинцев, 5",27.653944,53.86869,7092,Автозаводская,383,8.866722667194098,5.948034989180646
118,Московский,55000,10.91508846,1279,2,43,3.761200116,27,3.295836866,6,1.791759469,0,0,1964,"Уманская, 59",27.500377,53.875597,5001,Институт Культуры,2865,8.517393171418904,7.9603236291488395
121,Фрунзенский,54900,10.91326863,1177,2,46.66,3.842887267,27.01,3.296207168,9.11,2.209372711,1,0,1984,"Лынькова, 109-2",27.4697,53.928238,6687,Спортивная,2329,8.80792062205398,7.753194269884341
122,Первомайский,131000,11.7829526,1650,1,79.4,4.374498368,27.7,3.321432413,17.1,2.839078464,0,1,2009,"пр-т Независимости, 85 - Б",27.604546,53.925147,3777,Академия наук,495,8.236685322712457,6.20455776256869
123,Заводской,50000,10.81977828,1064,2,47,3.850147602,28,3.33220451,7.2,1.974081026,0,0,1990,"Селицкого, 93",27.703603,53.842757,11401,Могилёвская,2872,9.34145634983372,7.962763930168115
124,Заводской,50000,10.81977828,1087,2,46,3.828641396,28,3.33220451,6,1.791759469,1,0,1966,"Жилуновича, 23",27.629923,53.873611,5478,Партизанская,195,8.608495349823023,5.272999558563747
125,Заводской,76500,11.24504602,1471,2,52,3.951243719,28,3.33220451,9.33,2.233235015,0,0,1978,"Плеханова, 32-2",27.612083,53.865175,5274,Партизанская,1613,8.570544366913232,7.385851078125209
126,Ленинский,60000,11.00209984,1277,2,47,3.850147602,28,3.33220451,7.2,1.974081026,0,0,1974,"пр-т Рокоссовского, 132",27.606801,53.855224,6000,Партизанская,2691,8.699514748210191,7.897668150726906
127,Ленинский,65900,11.09589372,1402,2,47,3.850147602,28,3.33220451,7,1.945910149,0,0,1980,"пр-т Рокоссовского, 49",27.60239,53.867766,4664,Партизанская,1974,8.447628728030327,7.587817219993427
128,Ленинский,62000,11.03488966,1127,2,55,4.007333185,28,3.33220451,9.5,2.251291799,0,0,1978,"Горовца, 34/2",27.611921,53.867448,5072,Партизанская,1455,8.531490496117062,7.282761179605593
129,Ленинский,52000,10.858999,1209,2,43,3.761200116,28,3.33220451,6,1.791759469,0,0,1960,"Семенова, 24",27.57677,53.870633,3649,Пролетарская,2291,8.202208436436448,7.736743682453495
130,Московский,62000,11.03488966,1319,2,47,3.850147602,28,3.33220451,7,1.945910149,0,0,1979,"пр-т Газ-ты Звезда, 23",27.471955,53.867028,7073,Кунцевщина,4485,8.86403999703599,8.408493774492896
131,Московский,72000,11.1844214,1371,2,52.5,3.96081317,28,3.33220451,9.3,2.2300144,1,0,1987,"Космонавтов, 13/1",27.466735,53.852467,8335,Кунцевщина,6006,9.028218795184895,8.700514248543275
132,Московский,55000,10.91508846,1122,2,49,3.891820298,28,3.33220451,7.5,2.014903021,0,0,1991,"пр-т Газеты Звезда, 56",27.458004,53.858808,8344,Кунцевщина,5251,9.029297996680608,8.566173813637858
133,Октябрьский,54500,10.90595598,1160,2,47,3.850147602,28,3.33220451,7,1.945910149,0,0,1976,"Казинца, 76",27.501869,53.850035,7011,Институт Культуры,4731,8.855235623206967,8.461891875631148
134,Первомайский,53000,10.87804719,1205,2,44,3.784189634,28,3.33220451,6,1.791759469,1,0,2010,"Кнорина, 19",27.61343,53.935866,5032,Московская,1261,8.523572798380277,7.13966033596492
135,Советский,75000,11.22524339,1531,2,49,3.891820298,28,3.33220451,9,2.197224577,0,1,1977,"Логойский тр-т, 19/1",27.611957,53.946371,5895,Московская,2271,8.68185981297147,7.7279755421055585
136,Фрунзенский,70000,11.15625052,1400,2,50,3.912023005,28,3.33220451,10,2.302585093,1,1,1975,"Бельского, 43",27.48277,53.898056,5200,Спортивная,1148,8.556413904569519,7.045776576879511
138,Центральный,50000,10.81977828,1316,2,38,3.63758616,28,3.33220451,5,1.609437912,1,1,1960,"Нововиленская, 24/В",27.540119,53.933375,3738,Фрунзенская,3108,8.226305988015508,8.041734711487537
139,Центральный,60000,11.00209984,1364,2,44,3.784189634,28,3.33220451,6,1.791759469,0,0,1964,"Осипенко, 14",27.551447,53.925884,2711,Немига,2246,7.905072849498666,7.716906135298388
140,Центральный,57000,10.95080655,1163,2,49,3.891820298,28,3.33220451,6,1.791759469,1,0,1965,"Гая, 3",27.557348,53.923763,2406,Площадь Якуба Коласа,1935,7.785720896534624,7.5678626054638825
141,Центральный,175000,12.07254125,3431,2,51,3.931825633,28,3.33220451,8,2.079441542,0,1,1984,"Старовиленская, 16",27.556118,53.909355,872,Немига,426,6.77078942390898,6.054439346269371
144,Заводской,54500,10.90595598,1173,2,46.47,3.838806943,28.2,3.339321978,7.16,1.968509981,0,0,1979,"Герасименко, 27",27.684712,53.881706,8363,Могилёвская,2321,9.031572493381526,7.749753406274437
145,Фрунзенский,73000,11.19821472,1495,2,48.83,3.888344878,28.34,3.344274234,7.2,1.974081026,0,0,1986,"Якубовского, 50",27.447556,53.894384,7536,Кунцевщина,1364,8.927446816256198,7.218176838403408
146,Заводской,54500,10.90595598,1160,2,47,3.850147602,28.5,3.349904087,7.2,1.974081026,1,0,1980,"Герасименко, 1",27.690443,53.871679,9081,Могилёвская,1539,9.113939597689829,7.338888133838879
148,Ленинский,54500,10.90595598,1087,2,50.14,3.914819093,28.56,3.352007137,6.45,1.864080131,1,1,1957,"Маяковского, 158",27.57023,53.865871,4082,Пролетарская,2932,8.31434234336979,7.983440063006542
149,Московский,53500,10.88743693,1173,2,45.6,3.819907717,28.6,3.353406718,5.9,1.774952351,0,0,1963,"Железнодорожная, 126/б",27.503162,53.876212,4814,Институт Культуры,2670,8.479283618343016,7.8898337513942955
151,Первомайский,54000,10.89673933,1227,2,44,3.784189634,28.6,3.353406718,6.2,1.824549292,0,0,1967,"Калиновского, 91",27.638637,53.944696,6889,Восток,1386,8.837681215593197,7.234177179749849
152,Первомайский,54500,10.90595598,1256,2,43.4,3.770459441,28.7,3.356897123,6,1.791759469,1,0,1964,"Кедышко, 12",27.619745,53.929749,4865,Московская,538,8.489821994620105,6.2878585601617845
154,Октябрьский,110000,11.60823564,1957,2,56.2,4.028916757,28.9,3.363841595,10,2.302585093,0,0,2000,"Воронянского, 21",27.551096,53.878102,2777,Институт Культуры,1130,7.9291264873067995,7.029972911706386
156,Московский,54000,10.89673933,1256,2,43,3.761200116,29,3.36729583,5.6,1.722766598,0,1,2005,"Волоха, 15",27.518631,53.896299,2908,Молодёжная,1183,7.97522083865341,7.075808863978387
157,Октябрьский,53500,10.88743693,1244,2,43.01,3.761432647,29,3.36729583,6,1.791759469,1,1,1960,"пер. Вузовский, 16",27.561391,53.882364,2213,Первомайская,1416,7.70210434005105,7.255591274253665
158,Партизанский,54900,10.91326863,1274,2,43.1,3.763522997,29,3.36729583,6,1.791759469,0,1,1965,"пер. Козлова, 22",27.598644,53.900236,2418,Пролетарская,1341,7.790696031174738,7.201170883281678
159,Первомайский,63000,11.05089001,1432,2,44,3.784189634,29,3.36729583,6,1.791759469,0,0,1968,"Калиновского, 18",27.635933,53.94237,6583,Восток,1315,8.792245847467877,7.181591944611865
160,Первомайский,87000,11.3736634,1445,2,60.2,4.097672352,29,3.36729583,9.5,2.251291799,0,1,2001,"50 лет Победы, 11",27.715515,53.947632,11247,Уручье,1835,9.327856705404022,7.51479976048867
161,Фрунзенский,68000,11.12726298,1360,2,50,3.912023005,29,3.36729583,9,2.197224577,0,0,1980,"Дунина-Марцинкевича, 4/2",27.487603,53.905955,4879,Спортивная,519,8.492695559815838,6.251903883165888
162,Центральный,110000,11.60823564,2000,2,55,4.007333185,29,3.36729583,8.5,2.140066163,0,0,2001,"Тимирязева, 86",27.484226,53.931689,6042,Спортивная,2607,8.706490361946617,7.865955413933502
163,Московский,55000,10.91508846,1279,2,43,3.761200116,29.2,3.374168709,6.2,1.824549292,1,0,1960,"Лермонтова, 20/а",27.517059,53.889523,3259,Институт Культуры,1574,8.089175678837561,7.3613754289773485
164,Ленинский,62800,11.04771035,1256,2,50,3.912023005,29.3,3.377587516,9,2.197224577,0,0,2002,"Прушинских, 46",27.577704,53.835994,7438,Партизанская,5542,8.914357274485015,8.620110725422924
165,Октябрьский,55000,10.91508846,1238,2,44.41,3.793464669,29.3,3.377587516,5.88,1.771556762,0,1,1967,"Аэродромная, 5",27.537711,53.873845,3533,Институт Культуры,1368,8.169902647359145,7.221105098182496
166,Фрунзенский,66000,11.09741002,1320,2,50,3.912023005,29.31,3.377928755,7.14,1.965712776,0,0,1983,"Одинцова, 23/1",27.447287,53.8983,7515,Кунцевщина,970,8.924656302187074,6.877296071497429
167,Октябрьский,55000,10.91508846,1100,2,50,3.912023005,29.4,3.380994674,7.2,1.974081026,0,0,1978,"Брестская, 68/3",27.519287,53.853179,6128,Институт Культуры,3905,8.720623711420426,8.270013062273787
168,Фрунзенский,54900,10.91326863,1009,2,54.4,3.996364154,29.5,3.384390263,8.3,2.116255515,1,0,1978,"Лынькова, 43",27.476761,53.92898,6312,Спортивная,2311,8.750207862525711,7.745435610274381
169,Партизанский,55000,10.91508846,1168,2,47.1,3.852273001,29.6,3.387774361,9.1,2.208274414,1,1,1947,"Щербакова, 24",27.605058,53.886345,3336,Тракторный завод,739,8.112527763478637,6.6052979209482015
170,Московский,55000,10.91508846,1369,2,40.18,3.693369359,29.63,3.388787362,4.77,1.562346305,0,1,1958,"Лермонтова, 24",27.515352,53.89025,3326,Институт Культуры,1702,8.109525659752872,7.43955930913332
171,Советский,79900,11.28853113,1658,2,48.18,3.874943997,29.68,3.390473418,6.59,1.885553349,1,1,1970,"Цнянская, 25",27.584666,53.925969,3026,Академия наук,1033,8.014996894348302,6.940222469119639
172,Ленинский,55000,10.91508846,1242,2,44.3,3.790984677,29.7,3.391147046,5.6,1.722766598,1,1,1959,"Семенова, 26",27.577426,53.870686,3655,Пролетарская,2273,8.203851372183879,7.728855823852543
173,Советский,75400,11.23056255,1300,1,58,4.060443011,29.7,3.391147046,11.4,2.433613355,0,0,2010,М.Богдановича,27.57474,53.929129,3101,Площадь Якуба Коласа,1581,8.03947991910045,7.365812837209472
174,Ленинский,80000,11.28978191,1597,2,50.1,3.914021008,29.8,3.394508394,7.5,2.014903021,0,1,1988,"Рыбалко, 8",27.595635,53.886568,2817,Пролетарская,714,7.943427767876373,6.570882962339584
175,Ленинский,55000,10.91508846,1100,2,50,3.912023005,30,3.401197382,6.7,1.902107526,0,1,1971,"пр-т Рокоссовского, 110",27.606711,53.85738,5789,Партизанская,2499,8.663714844079005,7.823645930834952
176,Московский,58000,10.96819829,1234,2,47,3.850147602,30,3.401197382,7,1.945910149,0,0,1990,"Есенина, 39",27.444331,53.855139,9312,Кунцевщина,5690,9.139059169971219,8.646465527120377
177,Октябрьский,49700,10.81376021,1156,2,43,3.761200116,30,3.401197382,6,1.791759469,0,0,1967,"Серова, 31",27.552803,53.850688,5763,Институт Культуры,4014,8.659213451436667,8.297543529356284
178,Первомайский,57500,10.95954023,1278,2,45,3.80666249,30,3.401197382,6,1.791759469,0,0,1962,"Кнорина, 8/а",27.612541,53.932119,4690,Парк Челюскинцев,871,8.453187861440325,6.769641976852503
179,Первомайский,85000,11.35040654,1574,2,54,3.988984047,30,3.401197382,10,2.302585093,0,1,1996,"Филимонова, 47/а",27.635709,53.923318,5369,Московская,756,8.58839695042257,6.628041376179533
180,Советский,90000,11.40756495,1689,2,53.3,3.975936331,30,3.401197382,9,2.197224577,0,1,1997,"М.Богдановича, 112",27.580327,53.933624,3687,Академия наук,1771,8.212568398234145,7.479299637782834
181,Советский,129000,11.76756768,2179,2,59.2,4.080921542,30,3.401197382,11.9,2.4765384,1,1,2009,"Корш-Саблина, 9",27.59099,53.936015,4206,Академия наук,1633,8.344267356262645,7.398174092970465
182,Фрунзенский,59000,10.98529272,1180,2,50,3.912023005,30,3.401197382,8.4,2.128231706,0,0,1977,"пр-т Пушкина, 85/1",27.500979,53.923063,4607,Пушкинская,1535,8.435332164935916,7.336285660021297
183,Фрунзенский,66000,11.09741002,1320,2,50,3.912023005,30,3.401197382,7.2,1.974081026,0,0,1981,"Бурдейного, 25",27.44744,53.903838,7494,Кунцевщина,506,8.921857979353632,6.226536669287466
184,Фрунзенский,85000,11.35040654,1466,2,58,4.060443011,30,3.401197382,11,2.397895273,0,0,2010,"Притыцкого, 107",27.430156,53.905239,8629,Каменная Горка,499,9.062883902508307,6.212606095751519
185,Центральный,49000,10.79957558,1140,2,43,3.761200116,30,3.401197382,6,1.791759469,1,0,1963,"Осипенко, 27",27.554752,53.926266,2706,Площадь Якуба Коласа,2219,7.903226808730733,7.704811922932594
186,Центральный,148000,11.90496755,2387,3,62,4.127134385,30,3.401197382,18.2,2.901421594,1,1,1954,"Коммунистическая, 16",27.567508,53.911025,1040,Площадь Победы,544,6.946975992135418,6.298949246855942
187,Центральный,53000,10.87804719,1178,2,45,3.80666249,30,3.401197382,5.8,1.757857918,1,1,1965,"бульв. Шевченко, 24",27.556486,53.927968,2877,Площадь Якуба Коласа,2231,7.964503363551548,7.7102051944325325
188,Фрунзенский,65000,11.08214255,1477,2,44,3.784189634,30.3,3.411147713,5.7,1.740466175,0,0,1965,"Берута, 18",27.503809,53.901297,3803,Пушкинская,1000,8.24354550792826,6.907755278982137
189,Московский,55000,10.91508846,1310,2,42,3.737669618,30.5,3.417726684,6.2,1.824549292,0,1,1961,"Р.Люксембург, 97",27.521883,53.891593,2875,Институт Культуры,1357,7.963807953231451,7.213031659834869
190,Первомайский,53000,10.87804719,1152,2,46,3.828641396,30.5,3.417726684,5.6,1.722766598,0,0,1962,"Кедышко, 15/а",27.616772,53.93091,4800,Московская,767,8.476371196895983,6.642486801367256
192,Партизанский,53500,10.88743693,1166,2,45.89,3.826247228,30.6,3.421000009,6,1.791759469,0,0,1964,"пер. Уральский, 5",27.604744,53.899997,2818,Тракторный завод,1265,7.943782692458625,7.142827401161621
194,Центральный,53000,10.87804719,1186,2,44.7,3.799973502,30.7,3.424262655,5.9,1.774952351,0,0,1962,"Гая, 32",27.562217,53.933815,3505,Площадь Якуба Коласа,2437,8.16194579946869,7.798523053625206
195,Фрунзенский,54500,10.90595598,1217,2,44.8,3.802208139,30.9,3.430756184,6,1.791759469,0,0,1967,"Берута, 9-4",27.50795,53.903334,3532,Пушкинская,974,8.16961956172385,6.881411303642535
196,Заводской,68000,11.12726298,1115,2,61,4.110873864,31,3.433987204,9.5,2.251291799,1,0,2010,"Крупской, 6/а",27.628145,53.859047,6475,Автозаводская,1707,8.775703886567738,7.442492722794441
197,Ленинский,75000,11.22524339,1293,2,58,4.060443011,31,3.433987204,9.8,2.282382386,1,0,2003,"Прушинских, 28",27.585654,53.834766,7662,Партизанская,5353,8.944028325260595,8.585412430393381
198,Ленинский,85000,11.35040654,1417,2,60,4.094344562,31,3.433987204,9,2.197224577,0,0,2010,"Авроровская, 8",27.566035,53.861363,4555,Институт Культуры,3219,8.423980809694058,8.076826031298808
199,Первомайский,51000,10.83958091,1214,2,42,3.737669618,31,3.433987204,6,1.791759469,1,0,1961,"Волгоградсая, 9",27.622404,53.931864,5149,Московская,535,8.546557800046141,6.282266746896006
200,Первомайский,51000,10.83958091,1214,2,42,3.737669618,31,3.433987204,6,1.791759469,1,0,1961,"Волгоградская, 9",27.622404,53.931864,5149,Московская,535,8.546557800046141,6.282266746896006
201,Советский,83000,11.32659589,1766,2,47,3.850147602,31,3.433987204,8,2.079441542,0,1,1961,"пр-т Независимости, 76",27.604555,53.922231,3567,Академия наук,362,8.17948018535889,5.8916442118257715
203,Фрунзенский,69000,11.14186178,1353,2,51,3.931825633,31,3.433987204,7.2,1.974081026,0,1,1984,"Бирюзова, 11/а",27.514211,53.91111,3271,Молодёжная,799,8.092851027538384,6.683360945766275
204,Фрунзенский,72000,11.1844214,1180,2,61,4.110873864,31,3.433987204,9.5,2.251291799,0,0,2008,"Панченко, 74",27.416825,53.892797,9556,Каменная Горка,2042,9.1649245084457,7.621684998724611
205,Фрунзенский,55000,10.91508846,1168,2,47.1,3.852273001,31,3.433987204,7.6,2.028148247,1,0,1973,"пр-т Пушкина, 3",27.496515,53.896416,4328,Пушкинская,1447,8.372860820526318,7.277247726631484
206,Центральный,53000,10.87804719,1218,2,43.5,3.772760938,31,3.433987204,6.5,1.871802177,0,0,1963,"Гая, 3",27.557348,53.923763,2406,Площадь Якуба Коласа,1935,7.785720896534624,7.5678626054638825
207,Центральный,54000,10.89673933,1200,2,45,3.80666249,31,3.433987204,7.5,2.014903021,1,0,1965,"Каховская, 70",27.560717,53.928742,2942,Площадь Якуба Коласа,2074,7.9868449011613825,7.637234388789473
208,Фрунзенский,54000,10.89673933,1253,2,43.1,3.763522997,31.3,3.443618098,5.6,1.722766598,0,1,1965,"Кальварийская, 52",27.512127,53.908533,3330,Молодёжная,785,8.110727582974489,6.665683717782408
209,Советский,190000,12.15477935,3405,2,55.8,4.021773869,31.4,3.446807893,8.7,2.163323026,0,1,1959,"пр-т Независимости, 60",27.591502,53.918779,2669,Площадь Якуба Коласа,598,7.889459149404524,6.393590753950631
210,Ленинский,55000,10.91508846,1170,2,47,3.850147602,31.5,3.449987546,6.12,1.811562097,0,0,1969,"Надеждинская, 15/2",27.565963,53.878134,2696,Первомайская,1770,7.899524472032198,7.478734825567875
211,Ленинский,54000,10.89673933,1144,2,47.2,3.854393893,31.7,3.456316681,6.2,1.824549292,1,0,1970,"пр-т Рокоссовского, 109",27.612236,53.858325,5894,Партизанская,2209,8.68169016329764,7.700295203420117
212,Фрунзенский,73000,11.19821472,1351,2,54.03,3.989539448,31.7,3.456316681,9.4,2.240709689,1,0,1983,"Якубовского, 21",27.457357,53.901175,6844,Кунцевщина,575,8.831127635012084,6.354370040797351
213,Октябрьский,54000,10.89673933,1116,2,48.4,3.879499814,31.8,3.45946629,7.4,2.00148,0,0,1976,"Казинца, 78",27.502219,53.848515,7139,Институт Культуры,4863,8.87332798950246,8.489410810403786
214,Первомайский,54000,10.89673933,1144,2,47.2,3.854393893,31.8,3.45946629,6,1.791759469,1,0,1968,"Калиновского, 57",27.630471,53.946779,6679,Восток,1911,8.806723554725636,7.555381944240273
215,Фрунзенский,55000,10.91508846,1136,2,48.4,3.879499814,31.8,3.45946629,7.5,2.014903021,1,0,1971,"Бельского, 27",27.482681,53.89987,5192,Спортивная,947,8.554874258383926,6.853299093186078
216,Заводской,54500,10.90595598,1160,2,47,3.850147602,32,3.465735903,6.2,1.824549292,1,0,1967,"Голодеда, 39-2",27.623725,53.83763,8248,Автозаводская,3827,9.017726025696795,8.249836485425702
217,Ленинский,105000,11.56171563,1750,2,60,4.094344562,32,3.465735903,10,2.302585093,1,1,1954,"пр-т Независимости, 16",27.555013,53.898193,638,Купаловская,526,6.45833828334479,6.26530121273771
218,Ленинский,54000,10.89673933,1149,2,47,3.850147602,32,3.465735903,6,1.791759469,1,0,1975,"Рокоссовского, 91",27.610286,53.860332,5638,Партизанская,2096,8.637284671674058,7.647786045440933
219,Ленинский,54700,10.90961899,1094,2,50,3.912023005,32,3.465735903,6.2,1.824549292,0,0,1971,"Плеханова, 79",27.610601,53.861591,5534,Партизанская,1973,8.618666160346871,7.587310506022615
221,Октябрьский,82000,11.31447453,1421,2,57.7,4.055257174,32,3.465735903,10,2.302585093,0,0,2006,"пер. Корженевского, 2/а",27.525809,53.844696,6821,Институт Культуры,4694,8.82776136765472,8.454040376410969
223,Партизанский,70000,11.15625052,1346,2,52,3.951243719,32,3.465735903,9,2.197224577,0,1,2002,"Партизанский пр-т, 45",27.605858,53.879854,3809,Тракторный завод,1269,8.245121966478605,7.1459844677143876
224,Советский,69000,11.14186178,1500,2,46,3.828641396,32,3.465735903,7.2,1.974081026,0,1,1961,"пр-т Машерова, 51",27.52871,53.911232,2388,Молодёжная,620,7.778211474512493,6.429719478039138
225,Фрунзенский,60000,11.00209984,1000,3,60,4.094344562,32,3.465735903,10,2.302585093,0,0,1982,"Брикета, 38",27.410546,53.908469,9930,Каменная Горка,1771,9.203315757039219,7.479299637782834
226,Фрунзенский,62500,11.04292184,1157,2,54,3.988984047,32,3.465735903,9.3,2.2300144,0,0,1983,"Якубовского, 21",27.457357,53.901175,6844,Кунцевщина,575,8.831127635012084,6.354370040797351
227,Фрунзенский,54500,10.90595598,1144,2,47.63,3.863462815,32,3.465735903,6.2,1.824549292,1,0,1973,"Глебки, 84",27.475305,53.919023,5964,Спортивная,1242,8.69349667588463,7.124478262493424
228,Центральный,120000,11.69524702,2222,2,54,3.988984047,32,3.465735903,8,2.079441542,1,1,1982,"пл. Победителей, 43/2",27.535052,53.91538,2281,Фрунзенская,1143,7.732369222284388,7.04141166379481
229,Заводской,58000,10.96819829,1155,2,50.2,3.916015027,32.1,3.46885603,7.1,1.960094784,0,1,1974,"Голодеда, 31",27.632223,53.839378,8373,Автозаводская,3444,9.032767522204432,8.144388865547622
231,Центральный,54500,10.90595598,1230,2,44.3,3.790984677,32.52,3.481855285,5.8,1.757857918,0,1,1962,"Каховская, 58",27.557384,53.928811,2963,Площадь Якуба Коласа,2243,7.993957547573565,7.715569534520208
232,Заводской,51000,10.83958091,1092,2,46.7,3.843744165,32.8,3.490428515,6,1.791759469,1,0,1962,"Васнецова, 15",27.618596,53.871111,5079,Партизанская,863,8.532869670801245,6.760414691083428
234,Заводской,67000,11.1124479,1314,2,51,3.931825633,33,3.496507561,8,2.079441542,0,1,1970,"Партизанский пр-т, 72",27.640982,53.871185,6228,Автозаводская,530,8.73681053295389,6.272877006546167
235,Заводской,53500,10.88743693,1189,2,45,3.80666249,33,3.496507561,6,1.791759469,0,0,1964,"Народная,34",27.622,53.873187,5095,Партизанская,555,8.536014945656826,6.318968113746434
236,Фрунзенский,52000,10.858999,1156,2,45,3.80666249,33,3.496507561,6,1.791759469,1,0,1968,"Д.Сердича, 66",27.489319,53.919643,5126,Пушкинская,1248,8.542080906924017,7.129297548929373
237,Центральный,150000,11.91839057,2239,2,67,4.204692619,33,3.496507561,10,2.302585093,1,1,2008,"Нововиленская, 13/А",27.539625,53.929813,3389,Фрунзенская,2712,8.128290171607052,7.905441649060286
240,Центральный,54000,10.89673933,1200,2,45,3.80666249,33,3.496507561,5.7,1.740466175,0,0,1963,"Осипенко, 33",27.557717,53.926711,2729,Площадь Якуба Коласа,2083,7.911690520708339,7.641564441260972
241,Октябрьский,54900,10.91326863,1036,2,53,3.970291914,33.5,3.511545439,8,2.079441542,0,1,1978,"Казинца, 122",27.50283,53.840829,7848,Институт Культуры,5595,8.9680140012452,8.629628620746026
242,Фрунзенский,150000,11.91839057,2113,2,71,4.262679877,33.6,3.514526067,19,2.944438979,0,1,2005,"Харьковская, 58",27.513493,53.900326,3175,Молодёжная,956,8.063062911326792,6.862757913051401
244,Ленинский,56000,10.93310697,1120,2,50,3.912023005,34,3.526360525,6.2,1.824549292,0,0,1970,"Рокоссовского, 147",27.615137,53.854199,6381,Партизанская,2535,8.761080103868347,7.837948916025283
245,Ленинский,69500,11.14908203,1139,2,61,4.110873864,34,3.526360525,8,2.079441542,0,1,1957,"Маяковского, 164",27.570886,53.863343,4366,Пролетарская,3180,8.38160253710989,8.064636475774222
246,Советский,79000,11.27720313,1491,2,53,3.970291914,34,3.526360525,6,1.791759469,0,1,1968,"М.Богдановича, 80",27.574614,53.927172,2890,Площадь Якуба Коласа,1386,7.969011781106478,7.234177179749849
247,Заводской,55000,10.91508846,1102,2,49.9,3.910021003,34.4,3.538056564,6.2,1.824549292,0,0,1970,"Ауэзова, 8",27.644853,53.83721,9047,Могилёвская,3334,9.110188490025742,8.111928063310739
248,Октябрьский,54000,10.89673933,1087,2,49.7,3.906004933,34.4,3.538056564,6.2,1.824549292,0,0,1968,"Ландера, 28",27.495068,53.840393,8151,Институт Культуры,5878,9.005895898094458,8.678971846978863
249,Ленинский,68500,11.13458902,1245,3,55,4.007333185,35,3.555348061,7.6,2.028148247,0,1,1975,"пр-т Рокоссовского, 116",27.607681,53.856174,5937,Партизанская,2571,8.688959234270676,7.852050207265889
250,Ленинский,56000,10.93310697,1057,3,53,3.970291914,35,3.555348061,6,1.791759469,1,0,1967,"Козыревская, 35/1",27.568182,53.862435,4446,Институт Культуры,3196,8.399760094524142,8.069655306886165
251,Ленинский,105000,11.56171563,1944,2,54,3.988984047,35,3.555348061,8.7,2.163323026,0,1,1948,"Ленина, 15",27.561382,53.898814,386,Купаловская,222,5.955837369464831,5.402677381872279
252,Первомайский,170000,12.04355372,2429,2,70,4.248495242,35,3.555348061,14,2.63905733,0,0,2007,"пр-т Независимости, 168",27.689266,53.944521,9567,Уручье,156,9.166074955678168,5.049856007249537
253,Партизанский,53000,10.87804719,994,2,53.3,3.975936331,35.4,3.56671182,7,1.945910149,0,1,1975,"Фроликова, 41",27.61599,53.899159,3560,Тракторный завод,1010,8.177515823846075,6.917705609835305
254,Фрунзенский,74000,11.21182037,1138,3,65,4.17438727,35.5,3.569532696,8,2.079441542,0,1,1967,"Скрыганова, 5",27.514679,53.909742,3199,Молодёжная,686,8.070593539949519,6.530877627725885
255,Первомайский,205000,12.23076526,3213,2,63.8,4.15575319,36,3.583518938,11.7,2.459588842,0,1,1947,"пр-т Независимости, 91",27.610026,53.923774,3955,Парк Челюскинцев,212,8.282735880201754,5.356586274672012
258,Фрунзенский,78000,11.26446411,1114,2,70,4.248495242,36,3.583518938,12,2.48490665,0,0,2003,"Мазурова, 18",27.426185,53.896326,8909,Каменная Горка,1358,9.094817280720644,7.213768308118642
259,Первомайский,110000,11.60823564,1565,2,70.3,4.252771799,36.2,3.589059119,15.2,2.721295428,0,1,2008,"пр-т Независимости, 183/3",27.69003,53.946811,9738,Уручье,207,9.183791036742646,5.332718793265369
260,Ленинский,90000,11.40756495,1475,2,61,4.110873864,37,3.610917913,8,2.079441542,1,1,1982,"Маяковского, 152",27.568371,53.86878,3746,Институт Культуры,2656,8.228443883004033,7.884576510596324
261,Советский,82000,11.31447453,1302,3,63,4.143134726,37,3.610917913,9,2.197224577,1,0,1982,"Некрасова, 33",27.584046,53.932521,3661,Академия наук,1517,8.205491613120236,7.324489979348532
262,Первомайский,60000,11.00209984,1119,2,53.6,3.981549068,37.6,3.62700405,6.2,1.824549292,0,0,1968,"Гуртьева, 12",27.740614,53.958128,13240,Уручье,3733,9.490997829490999,8.224967478914584
263,Ленинский,160000,11.98292909,2857,2,56,4.025351691,38,3.63758616,6.5,1.871802177,0,1,1960,"Я.Купалы,11",27.568443,53.902061,431,Октябрьская,427,6.066108090103747,6.056784013228625
264,Ленинский,160000,11.98292909,2857,2,56,4.025351691,38,3.63758616,6.5,1.871802177,0,1,1960,"Я.Купалы, 11",27.568443,53.902061,431,Октябрьская,427,6.066108090103747,6.056784013228625
265,Октябрьский,88000,11.38509209,1333,3,66,4.189654742,38,3.63758616,9,2.197224577,0,0,1985,"Могилевская, 4/1",27.5394,53.882741,2622,Институт Культуры,373,7.871692664323645,5.921578419643816
266,Советский,98000,11.49272276,1307,2,75,4.317488114,38,3.63758616,10.4,2.341805806,0,0,2010,"Гамарника, 16/а",27.61423,53.957053,6985,Московская,3333,8.851520271691061,8.11162807830774
268,Партизанский,114000,11.64395373,1900,2,60,4.094344562,39,3.663561646,8,2.079441542,0,1,1960,"Берестянская, 2",27.586337,53.904819,1627,Площадь Победы,877,7.394493107219038,6.776506992372183
269,Ленинский,98000,11.49272276,1361,3,72,4.276666119,40,3.688879454,10,2.302585093,1,1,1951,"Клумова, 5",27.601806,53.890001,2949,Тракторный завод,821,7.989221408815276,6.710523109452428
270,Октябрьский,100000,11.51292546,1515,3,66,4.189654742,40,3.688879454,9,2.197224577,0,1,1979,"Чкалова, 9/2",27.536624,53.877327,3228,Институт Культуры,1000,8.07961802938984,6.907755278982137
271,Партизанский,140000,11.8493977,1867,3,75,4.317488114,40,3.688879454,11,2.397895273,1,1,1959,"Козлова, 6",27.581881,53.908167,1465,Площадь Победы,450,7.289610521451167,6.1092475827643655
272,Советский,90000,11.40756495,1385,3,65,4.17438727,40,3.688879454,9,2.197224577,0,1,1987,"Восточная, 64",27.600998,53.941787,5083,Парк Челюскинцев,2101,8.533656917446903,7.650168700845001
275,Октябрьский,57000,10.95080655,983,3,58,4.060443011,41,3.713572067,6,1.791759469,1,0,1970,"Ландера, 72",27.49187,53.843623,7970,Институт Культуры,5686,8.98343977178426,8.645762292210945
278,Фрунзенский,79000,11.27720313,1152,3,68.6,4.228292535,41.9,3.735285827,7.2,1.974081026,0,0,1994,"Сухаревская, 34",27.434351,53.889423,8471,Каменная Горка,1920,9.044403844431551,7.560080465021827
280,Советский,250000,12.4292162,3472,3,72,4.276666119,42,3.737669618,10,2.302585093,1,1,1949,"пр-т Независимости, 69",27.595859,53.921351,3073,Академия наук,223,8.030409562130485,5.407171771460119
281,Центральный,185000,12.1281111,2534,3,73,4.290459441,42,3.737669618,14,2.63905733,0,1,1987,"Сторожевская, 8",27.555444,53.912951,1259,Немига,808,7.138073034044347,6.694562058521095
282,Центральный,125000,11.73606902,1603,3,78,4.356708827,42,3.737669618,9.6,2.261763098,0,0,2006,"Парковая, 3/а",27.808553,53.818684,18645,Могилёвская,10040,9.833333292612922,9.214332393245721
283,Первомайский,82000,11.31447453,1262,3,65,4.17438727,42.2,3.742420221,7.2,1.974081026,0,0,1995,"50 лет Победы, 1-2",27.719135,53.946657,11412,Уручье,2061,9.342420712333391,7.630946580890459
284,Ленинский,125000,11.73606902,1786,3,70,4.248495242,43,3.761200116,8,2.079441542,1,1,1928,"Кирова, 19",27.559037,53.897249,589,Купаловская,432,6.3784261836515865,6.068425588244111
285,Партизанский,160000,11.98292909,2353,3,68,4.219507705,43,3.761200116,9,2.197224577,0,1,1980,"Первомайская, 20/3",27.576896,53.899674,1025,Первомайская,761,6.932447891572509,6.634633357861686
286,Первомайский,90000,11.40756495,1406,3,64,4.158883083,43,3.761200116,7,1.945910149,0,0,1990,"Стариновская, 4",27.696668,53.943626,9946,Уручье,626,9.204925739274683,6.439350371100098
287,Первомайский,80000,11.28978191,1231,3,65,4.17438727,43,3.761200116,7.2,1.974081026,1,0,1990,"Городецкая, 2",27.689859,53.951336,9993,Уручье,657,9.209640126861789,6.48768401848461
288,Советский,85000,11.35040654,1349,3,63,4.143134726,43,3.761200116,7,1.945910149,0,0,1980,"Мирошниченко, 10/1",27.614886,53.958044,7102,Московская,3429,8.868131713503033,8.14002395246292
290,Фрунзенский,77000,11.2515607,1203,3,64,4.158883083,43,3.761200116,7,1.945910149,0,0,1993,"Лобанка, 89",27.43259,53.884891,8683,Каменная Горка,2433,9.069122370060645,7.796880342783522
291,Фрунзенский,68000,11.12726298,1147,3,59.3,4.082609306,43,3.761200116,6,1.791759469,0,0,1970,"Матусевича, 11",27.484612,53.914245,5229,Спортивная,706,8.56197533418813,6.559615237493242
292,Фрунзенский,75000,11.22524339,1190,3,63,4.143134726,43,3.761200116,7,1.945910149,0,0,1993,"Сухаревская, 8",27.439382,53.88427,8267,Каменная Горка,2485,9.020026965252676,7.818027938530729
293,Фрунзенский,75000,11.22524339,1119,3,67,4.204692619,43,3.761200116,7,1.945910149,0,0,1989,"Лещинского, 17",27.451168,53.909981,7298,Кунцевщина,485,8.895355616996392,6.184148890937483
294,Центральный,90000,11.40756495,1406,3,64,4.158883083,43,3.761200116,7,1.945910149,0,0,1986,"Радужная, 8/2",27.496299,53.933269,5503,Пушкинская,2650,8.613048677059759,7.882314918980268
295,Московский,75000,11.22524339,1192,3,62.9,4.141546164,43.2,3.765840495,9.2,2.219203484,0,0,1997,"Есенина, 55",27.440226,53.856233,9470,Каменная Горка,5600,9.155884186180124,8.630521876723241
297,Московский,82500,11.32055357,1307,3,63.13,4.145196092,43.41,3.770689829,7.11,1.961502244,0,0,1978,"Алибегова, 3",27.482052,53.870458,6311,Институт Культуры,4194,8.75004942158424,8.341410211461865
298,Советский,95000,11.46163217,1498,3,63.42,4.149779269,43.57,3.77436884,7.23,1.978239036,0,0,1979,"М.Богдановича, 55",27.561499,53.918577,1812,Площадь Победы,1372,7.502186486602924,7.22402480828583
300,Ленинский,89000,11.39639165,1203,3,74,4.304065093,44,3.784189634,10,2.302585093,0,0,2010,"Балтийская, 4",27.561732,53.859594,4743,Институт Культуры,3257,8.464425125877582,8.088561805276234
301,Фрунзенский,86000,11.36210258,1344,3,64,4.158883083,44,3.784189634,7,1.945910149,0,0,1998,"Кунцевщина, 48",27.437522,53.915125,8264,Каменная Горка,947,9.019664010799474,6.853299093186078
302,Фрунзенский,99900,11.51192496,1388,3,72,4.276666119,44,3.784189634,11.5,2.442347035,0,0,2001,"Колесникова, 10",27.438016,53.918291,8300,Каменная Горка,1300,9.02401079378469,7.170119543449628
303,Фрунзенский,105000,11.56171563,1265,3,83,4.418840608,44,3.784189634,12,2.48490665,0,1,2007,"Харьковская, 58",27.513493,53.900326,3175,Молодёжная,956,8.063062911326792,6.862757913051401
304,Фрунзенский,110000,11.60823564,1163,3,94.6,4.549657476,44.5,3.795489189,13,2.564949357,1,0,2009,"Притыцкого, 87",27.44779,53.905668,7478,Кунцевщина,423,8.91972065553706,6.0473721790462776
305,Московский,179000,12.09514108,2238,3,80,4.382026635,44.8,3.802208139,14.1,2.646174797,0,0,2006,"Немига, 42",27.541996,53.899488,1338,Фрунзенская,681,7.198931240688173,6.523562306149512
306,Московский,50000,10.81977828,877,1,57,4.043051268,45,3.80666249,9,2.197224577,0,0,1987,"Есенина, 85",27.4424,53.860263,9113,Кунцевщина,5142,9.117457244496126,8.545197387825835
307,Московский,94700,11.45846928,1334,3,71,4.262679877,45,3.80666249,10,2.302585093,0,0,2000,"Есенина, 143",27.428827,53.864437,9676,Каменная Горка,4719,9.177403871729918,8.459352191726387
308,Октябрьский,53000,10.87804719,1000,2,53,3.970291914,45,3.80666249,7.5,2.014903021,0,1,1985,"Казинца, 122",27.50283,53.840829,7848,Институт Культуры,5595,8.9680140012452,8.629628620746026
309,Московский,170000,12.04355372,2191,3,77.6,4.351567427,46,3.828641396,13.5,2.602689685,0,1,2009,"Кальварийская, 5",27.536705,53.905334,1682,Фрунзенская,171,7.427738840532894,5.14166355650266
310,Октябрьский,95000,11.46163217,1397,3,68,4.219507705,46,3.828641396,7,1.945910149,0,0,1978,"Брестская,  68/2",27.519053,53.853938,6060,Институт Культуры,3832,8.70946507906336,8.251142139090751
311,Октябрьский,90000,11.40756495,1200,3,75,4.317488114,46,3.828641396,7.5,2.014903021,1,1,1953,"Московская, 7",27.539786,53.889359,2037,Институт Культуры,369,7.619233416226805,5.910796644040527
312,Партизанский,145000,11.88448902,1908,3,76,4.33073334,46,3.828641396,12,2.48490665,0,1,1972,"Захарова, 56",27.583265,53.898379,1466,Пролетарская,920,7.290292882446597,6.824373670043086
313,Партизанский,72000,11.1844214,1167,3,61.7,4.122283931,46,3.828641396,6,1.791759469,1,0,1966,"Менделеева, 5",27.620716,53.900889,3856,Тракторный завод,1267,8.257385655730436,7.144407180321139
314,Первомайский,72500,11.19134184,1189,3,61,4.110873864,46,3.828641396,6.2,1.824549292,1,1,1968,"пл. Независимости, 153/1",27.547242,53.895509,1218,Площадь Ленина,228,7.1049654482698426,5.429345628954441
315,Советский,150000,11.91839057,1899,3,79,4.369447852,46,3.828641396,10,2.302585093,0,1,2007,"Кропоткина, 114",27.56705,53.925619,2616,Площадь Якуба Коласа,1535,7.86940171257709,7.336285660021297
316,Фрунзенский,74000,11.21182037,1147,3,64.5,4.166665224,46,3.828641396,7.5,2.014903021,0,0,1973,"пр-т Пушкина, 3",27.496515,53.896416,4328,Пушкинская,1447,8.372860820526318,7.277247726631484
317,Ленинский,190000,12.15477935,2490,3,76.32,4.334935027,46.2,3.832979798,7.13,1.964311234,0,1,1969,"Я.Купалы, 7",27.569727,53.900708,543,Купаловская,525,6.297109319933935,6.263398262591624
318,Фрунзенский,118000,11.6784399,1573,3,75,4.317488114,46.8,3.845883203,9.5,2.251291799,1,0,2004,"Одинцова, 3/2",27.459549,53.898427,6713,Кунцевщина,912,8.811801223938751,6.815639990074331
319,Заводской,83000,11.32659589,1078,1,77,4.343805422,47,3.850147602,10,2.302585093,0,0,2009,"Селицкого, 79",27.703289,53.838199,11686,Могилёвская,3251,9.366146823114383,8.086717920303906
320,Фрунзенский,70000,11.15625052,1077,3,65,4.17438727,47,3.850147602,7,1.945910149,0,0,1971,"Я.Мавра, 30",27.487576,53.901292,4865,Спортивная,899,8.489821994620105,6.80128303447162
322,Октябрьский,75000,11.22524339,1111,3,67.5,4.212127598,47.8,3.867025639,7.1,1.960094784,1,0,1975,"Корженевского, 13",27.497682,53.847071,7438,Институт Культуры,5156,8.914357274485015,8.547916364059079
323,Фрунзенский,103000,11.54248427,1108,3,93,4.532599493,48,3.871201011,12,2.48490665,0,0,2007,"Шамякина, 11",27.423868,53.893508,9088,Каменная Горка,1704,9.114710140960932,7.440733707389261
324,Центральный,125000,11.73606902,1359,3,92,4.521788577,48,3.871201011,22,3.091042453,1,0,2008,"Червякова, 64",27.548563,53.930719,3279,Немига,2799,8.095293776844649,7.937017489515454
325,Фрунзенский,71000,11.17043516,1086,3,65.4,4.180522258,48.2,3.875359021,7.5,2.014903021,1,0,1971,"Одоевского, 107",27.483516,53.901838,5130,Спортивная,742,8.542860938164814,6.60934924316738
326,Советский,97000,11.48246626,1252,4,77.5,4.350277936,48.96,3.891003638,7.22,1.976854953,0,0,1980,"Мирошниченко, 12",27.616359,53.959214,7263,Московская,3535,8.890548245606167,8.170468578330674
327,Московский,120000,11.69524702,1165,3,103,4.634728988,49,3.891820298,12,2.48490665,0,1,2005,"Грушевская, 91",27.514014,53.881388,3900,Институт Культуры,1801,8.268731832117737,7.496097345175956
328,Первомайский,108000,11.58988651,1500,3,72,4.276666119,49,3.891820298,10,2.302585093,1,1,1975,"К.Чорного, 11",27.603001,53.926457,3804,Академия наук,550,8.24380842366528,6.309918278226516
329,Фрунзенский,107000,11.58058411,1646,3,65,4.17438727,49,3.891820298,7,1.945910149,0,0,1975,"Ольшевского, 77",27.476815,53.923875,6063,Спортивная,1748,8.70996000607173,7.466227556215481
332,Фрунзенский,110000,11.60823564,1393,3,79,4.369447852,50,3.912023005,11,2.397895273,0,0,2007,"Лобанка, 22",27.43401,53.901393,8372,Каменная Горка,620,9.03264808356589,6.429719478039138
333,Центральный,152000,11.9316358,1448,2,105,4.65396035,50,3.912023005,18,2.890371758,0,1,2008,"Червякова,61/1",27.546542,53.930597,3303,Немига,2806,8.10258642539079,7.939515260662406
334,Центральный,152000,11.9316358,1448,2,105,4.65396035,50,3.912023005,18,2.890371758,0,1,2008,"Червякова, 61/1",27.546542,53.930597,3303,Немига,2806,8.10258642539079,7.939515260662406
335,Фрунзенский,90000,11.40756495,1098,3,82,4.406719247,51,3.931825633,10,2.302585093,0,0,2008,"М.Горецкого, 7/2",27.454806,53.879461,7456,Кунцевщина,2950,8.916774356365426,7.989560449333865
336,Фрунзенский,93000,11.44035477,1192,4,78,4.356708827,51,3.931825633,9,2.197224577,0,0,1990,"Шаранговича, 80",27.425485,53.881467,9226,Каменная Горка,2900,9.129780864117766,7.9724660159745655
338,Фрунзенский,118000,11.6784399,1490,3,79.2,4.371976299,51.6,3.943521672,10.5,2.351375257,1,0,2004,"Одинцова, 7",27.457267,53.898231,6864,Кунцевщина,887,8.834045641167798,6.787844982309579
340,Московский,143000,11.87059991,1723,3,83,4.418840608,52,3.951243719,13,2.564949357,0,1,2004,"пр-т Газ-ты Правда, 44",27.474533,53.862467,7232,Кунцевщина,5018,8.886270902072013,8.520786726926367
341,Центральный,140000,11.8493977,1591,4,88,4.477336814,52,3.951243719,18,2.890371758,0,1,1992,"Долгиновский тр-т, 50/5",27.547018,53.940303,4336,Площадь Якуба Коласа,3622,8.374707543119483,8.19478163844336
342,Фрунзенский,145000,11.88448902,1762,4,82.3,4.410371108,52.7,3.964615456,7.1,1.960094784,0,0,1993,"Лещинского, 7",27.452039,53.908771,7226,Кунцевщина,339,8.885440911707585,5.82600010738045
343,Партизанский,147000,11.89818787,2000,3,73.5,4.297285406,52.9,3.968403339,6.1,1.808288771,0,1,1948,"пр-т Независимости, 40",27.576177,53.908973,1196,Площадь Победы,68,7.086737934510577,4.219507705176107
344,Московский,78000,11.26446411,975,4,80,4.382026635,53,3.970291914,7,1.945910149,1,0,1987,"Космонавтов, 25",27.459109,53.851251,8802,Кунцевщина,6093,9.082734247371036,8.714895850248494
345,Центральный,135000,11.81303006,1627,4,83,4.418840608,53,3.970291914,8.6,2.151762203,1,1,1977,"М.Танка, 16",27.535483,53.907716,1830,Фрунзенская,359,7.512071245835466,5.883322388488279
346,Московский,98000,11.49272276,1250,4,78.4,4.361823927,53.2,3.974058396,7.1,1.960094784,0,0,1993,"Слободская, 75",27.437801,53.852775,9814,Каменная Горка,5982,9.191565216649849,8.696510239189893
347,Октябрьский,98000,11.49272276,1279,4,76.62,4.338858139,53.67,3.982854186,7.12,1.962907725,0,1,1985,"Могилевская, 8/2",27.544296,53.882704,2461,Институт Культуры,453,7.8083230503910555,6.115892125483034
348,Советский,138000,11.83500896,1426,3,96.8,4.572646994,54,3.988984047,13,2.564949357,0,0,2010,"Олешева, 1",27.608193,53.944686,5604,Московская,2234,8.631235907456897,7.711548979629146
349,Фрунзенский,87000,11.3736634,1115,4,78,4.356708827,54,3.988984047,7,1.945910149,0,0,1996,"М.Горецкого, 23",27.448904,53.883081,7699,Кунцевщина,2572,8.94884572927805,7.85243908535751
350,Фрунзенский,95000,11.46163217,1218,4,78,4.356708827,54,3.988984047,7.2,1.974081026,0,0,1995,"Чайлытко, 16",27.436426,53.88782,8370,Каменная Горка,2088,9.032409163483521,7.643961949002529
352,Центральный,130000,11.77528973,1512,4,86,4.454347296,54.6,4.000033883,7.3,1.987874348,0,0,1986,"пр-т Победителей, 75-1",27.50769,53.931467,4806,Пушкинская,2542,8.477620416296414,7.8407064517494
353,Центральный,160000,11.98292909,2078,3,77,4.343805422,55,4.007333185,7,1.945910149,0,1,1969,"пр-т Победителей, 3",27.551015,53.906416,847,Немига,210,6.741700694652055,5.3471075307174685
354,Партизанский,170000,12.04355372,1700,3,100,4.605170186,55.5,4.016383021,15.2,2.721295428,0,0,2008,"Ваньковича, 55",27.642635,53.921552,5704,Московская,1230,8.648922962094131,7.114769448366463
355,Московский,79000,11.27720313,986,4,80.1,4.383275854,55.8,4.021773869,7.2,1.974081026,1,0,1993,"Слободская, 75",27.437801,53.852775,9814,Каменная Горка,5982,9.191565216649849,8.696510239189893
356,Октябрьский,67000,11.1124479,870,3,77,4.343805422,56,4.025351691,10,2.302585093,0,0,2009,"Березогорская, 8",27.903038,53.873707,22569,Могилёвская,15067,10.02433256222833,9.620262200801289
357,Партизанский,168000,12.03171926,1627,3,110,4.700480366,56,4.025351691,17,2.833213344,0,0,2009,"Пулихова, 45",27.584397,53.894846,1690,Пролетарская,522,7.432483807917119,6.257667587882639
358,Ленинский,131000,11.7829526,1294,3,101.2,4.617098757,57,4.043051268,11.2,2.415913778,0,1,2008,"Полевая, 10",27.566386,53.874238,3130,Институт Культуры,2152,8.048788283534199,7.674152921281675
359,Фрунзенский,131000,11.7829526,926,4,141.5,4.952299717,57.4,4.050044303,17.2,2.844909384,1,0,2008,"Берута, 11а",27.507025,53.90179,3591,Пушкинская,1063,8.186185994226083,6.968850378341948
360,Центральный,290000,12.5776362,2413,3,120.2,4.789157022,57.6,4.053522568,13.4,2.595254707,0,0,2007,"Старовиленский тр-т, 10",27.54965,53.92257,2393,Немига,1893,7.780303087908373,7.545918151209323
361,Советский,199000,12.2010601,2008,3,99.1,4.596129441,59,4.077537444,17,2.833213344,0,1,2003,"Сурганова, 88",27.57836,53.931944,3469,Академия наук,1739,8.15162164696975,7.461065514354283
362,Октябрьский,265000,12.4874851,2944,4,90,4.49980967,60,4.094344562,12,2.48490665,0,1,1957,"Кирова, 3",27.551402,53.892686,1267,Площадь Ленина,235,7.144407180321139,5.459585514144159
363,Центральный,125000,11.73606902,1359,4,92,4.521788577,60,4.094344562,10,2.302585093,1,0,2008,"пер. Червякова, 64",27.538026,53.93858,4326,Молодёжная,3685,8.372398606513004,8.212025804623437
364,Советский,190000,12.15477935,2028,3,93.7,4.540098189,62,4.127134385,12,2.48490665,0,1,2003,"Восточная, 133",27.598653,53.941082,4939,Парк Челюскинцев,2093,8.504918160540624,7.646353722445999
365,Первомайский,226000,12.32829028,2108,3,107.2,4.674696249,62.5,4.135166557,20.6,3.025291076,0,1,2001,Подгорная,27.681172,53.953297,9648,Уручье,959,9.174505918966966,6.8658910748834385
366,Фрунзенский,199900,12.20557252,1931,4,103.5,4.639571613,63.5,4.151039906,10.5,2.351375257,0,1,1995,"пр-т Пушкина, 81",27.498518,53.921223,4651,Пушкинская,1313,8.444837529224097,7.180069874302796
367,Центральный,330000,12.70684793,3134,3,105.3,4.656813419,65.3,4.178992036,11.2,2.415913778,1,0,2004,"пр-т Победителей, 57",27.528611,53.920412,2967,Молодёжная,1577,7.995306620290822,7.3632795869630385
368,Центральный,211000,12.25961341,1702,3,124,4.820281566,67,4.204692619,14.7,2.687847494,1,0,2008,"Пионерская, 7",27.487504,53.938872,6342,Пушкинская,3333,8.754949455098293,8.11162807830774
369,Советский,171000,12.04941884,1479,4,115.6,4.750135956,68.3,4.223909767,19.6,2.975529566,0,1,2008,"Корш-Саблина, 9",27.59099,53.936015,4206,Академия наук,1633,8.344267356262645,7.398174092970465
370,Партизанский,200000,12.20607265,1887,4,106,4.663439094,69,4.234106505,8,2.079441542,0,1,1980,"Пулихова, 7/2",27.57677,53.898873,1046,Первомайская,681,6.952728644624869,6.523562306149512
372,Октябрьский,158000,11.97035031,1254,3,126,4.836281907,71,4.262679877,30.6,3.421000009,1,1,2003,"Брестская, 87",27.522494,53.851442,6210,Институт Культуры,4020,8.733916174927524,8.299037181613066
373,Фрунзенский,175500,12.07539432,1350,4,130,4.86753445,71,4.262679877,12,2.48490665,1,0,2010,"Скрипникова, 7",27.420733,53.889444,9351,Каменная Горка,2197,9.143238568435446,7.69484807238461
375,Октябрьский,195000,12.18075484,1726,4,113,4.727387819,72,4.276666119,10,2.302585093,0,0,2000,"Воронянского, 21",27.551096,53.878102,2777,Институт Культуры,1130,7.9291264873067995,7.029972911706386
376,Советский,177600,12.08728911,1370,4,129.6,4.864452784,74.5,4.310799125,14.6,2.681021529,1,1,2009,"Корш-Саблина, 11",27.59073,53.935596,4157,Академия наук,1595,8.332548939252638,7.374629015218945
377,Советский,150000,11.91839057,1181,3,127,4.844187086,80,4.382026635,16,2.772588722,0,1,2007,"Л.Беды, 40",27.596452,53.939693,4734,Академия наук,1962,8.46252579007393,7.581719640125308
378,Ленинский,100000,11.51292546,1136,3,88,4.477336814,81,4.394449155,6,1.791759469,0,1,1995,"пер. Луговой, 119",27.5697,53.882147,2295,Первомайская,1296,7.738488122494646,7.16703787691222
379,Первомайский,390000,12.87390202,2151,4,181.3,5.200153118,86.5,4.460144414,26.4,3.27336401,0,1,1999,"Славинского, 8",27.629483,53.941617,6220,Московская,1510,8.735525185733225,7.31986492980897
380,Первомайский,270000,12.50617724,1996,3,135.3,4.907494535,88,4.477336814,20.2,3.005682604,1,1,2005,"Стариновская, 25",27.697692,53.946684,10166,Уручье,667,9.226804098006848,6.502790045915623
381,Центральный,276000,12.52815614,2000,4,138,4.927253685,88.6,4.484131858,14.2,2.653241965,0,0,2008,"Пионерская, 9",27.48587,53.938702,6413,Пушкинская,3337,8.766082459148864,8.112827478751374
382,Ленинский,160000,11.98292909,1584,3,100,4.605170186,95,4.553876892,6,1.791759469,0,0,2007,"пр-т Рокоссовского, 80",27.603737,53.862982,5156,Партизанская,2183,8.547916364059079,7.688455356549944
384,Ленинский,225900,12.3278477,1500,4,150.6,5.014627315,102.1,4.625952725,12.2,2.501435952,1,0,2008,"Партизанский пр-т, 19/а",27.592922,53.88411,2865,Пролетарская,802,7.9603236291488395,6.687108607866515
385,Первомайский,225000,12.32385568,1500,4,150,5.010635294,110,4.700480366,20,2.995732274,0,1,2003,"пер. Калининградский, 6",27.597889,53.92599,3536,Академия наук,439,8.170751423757535,6.0844994130751715
386,Советский,353000,12.77422334,1801,4,196,5.278114659,117,4.762173935,22,3.091042453,0,1,1997,"Логойский тр-т, 10",27.608678,53.941373,5316,Московская,1921,8.578476419833136,7.560601162768557
387,Фрунзенский,59500,10.99373159,1266,2,47,3.850147602,28.07,3.33470139,7.2,1.974081026,1,0,1981,"Тимошенко, 24/1",27.462325,53.899615,6524,Кунцевщина,886,8.783242963740905,6.786716950605081
