;Район;Cena;LnCena;CenaM;Nkomnat;PlOb;LnPlOb;PlZ;LnPlZ;PlK;LnPlK;ketaz;Type;Tel
1;Московский;40000;10.5966347331;1333;1;30;3.4011973817;12;2.4849066498;7;1.9459101491;0;0;1
2;Фрунзенский;37700;10.5374153734;1257;1;30;3.4011973817;12;2.4849066498;7;1.9459101491;0;0;1
3;Фрунзенский;37000;10.5186731916;1762;1;21;3.0445224377;12;2.4849066498;5;1.6094379124;1;1;1
4;Фрунзенский;41000;10.6213273457;1464;1;28;3.3322045102;13;2.5649493575;8;2.0794415417;0;0;1
5;Партизанский;59500;10.9937315915;1750;1;34;3.5263605246;14;2.6390573296;6;1.7917594692;0;1;1
6;Московский;50000;10.8197782844;1316;1;38;3.6375861597;16;2.7725887222;6;1.7917594692;0;1;1
7;Фрунзенский;57000;10.9508065468;1462;1;39;3.6635616461;16;2.7725887222;8.4;2.1282317058;0;0;1
8;Центральный;55000;10.9150884642;2099;1;26.2;3.2657594108;16.2;2.7850112422;5.8;1.7578579176;1;1;1
9;Московский;40000;10.5966347331;1274;1;31.4;3.4468078929;16.3;2.7911651078;8;2.0794415417;0;1;1
10;Заводской;42000;10.6454248973;1243;1;33.8;3.5204608025;16.8;2.8213788864;7.2;1.974081026;0;0;1
11;Заводской;42000;10.6454248973;1243;1;33.8;3.5204608025;16.8;2.8213788864;7.2;1.974081026;0;0;1
12;Советский;42000;10.6454248973;1250;1;33.6;3.514526067;16.9;2.8273136219;6.7;1.9021075264;1;0;1
13;Заводской;40000;10.5966347331;1212;1;33;3.4965075615;17;2.8332133441;7.2;1.974081026;0;0;1
14;Заводской;52000;10.8589989976;1585;1;32.8;3.4904285154;17;2.8332133441;7.1;1.960094784;0;0;1
15;Заводской;43000;10.6689553947;1303;1;33;3.4965075615;17;2.8332133441;7;1.9459101491;0;0;1
16;Заводской;48000;10.7789562899;1455;1;33;3.4965075615;17;2.8332133441;7.1;1.960094784;0;0;1
17;Ленинский;40000;10.5966347331;1176;1;34;3.5263605246;17;2.8332133441;17.2;2.8449093838;0;0;1
18;Ленинский;52000;10.8589989976;1529;1;34;3.5263605246;17;2.8332133441;7;1.9459101491;0;0;1
19;Ленинский;43000;10.6689553947;1303;1;33;3.4965075615;17;2.8332133441;7;1.9459101491;0;0;1
20;Ленинский;52000;10.8589989976;1529;1;34;3.5263605246;17;2.8332133441;7;1.9459101491;0;0;1
21;Московский;48000;10.7789562899;1297;1;37;3.6109179126;17;2.8332133441;7;1.9459101491;0;0;1
22;Московский;46500;10.7472075916;1409;1;33;3.4965075615;17;2.8332133441;7.2;1.974081026;0;0;1
23;Октябрьский;43900;10.6896695991;1318;1;33.3;3.505557397;17;2.8332133441;7.6;2.0281482473;1;0;1
24;Партизанский;40000;10.5966347331;1290;1;31;3.4339872045;17;2.8332133441;7;1.9459101491;1;1;1
25;Первомайский;56000;10.9331069697;1514;1;37;3.6109179126;17;2.8332133441;6;1.7917594692;0;1;1
26;Первомайский;49000;10.7995755771;1633;1;30;3.4011973817;17;2.8332133441;6;1.7917594692;1;0;1
27;Первомайский;49000;10.7995755771;1531;1;32;3.4657359028;17;2.8332133441;7;1.9459101491;0;0;1
28;Первомайский;65000;11.0821425489;1970;1;33;3.4965075615;17;2.8332133441;7;1.9459101491;0;0;1
29;Первомайский;53000;10.8780471925;1606;1;33;3.4965075615;17;2.8332133441;7.2;1.974081026;0;0;0
30;Советский;57000;10.9508065468;1839;1;31;3.4339872045;17;2.8332133441;7;1.9459101491;0;1;1
31;Советский;45000;10.7144177688;1406;1;32;3.4657359028;17;2.8332133441;6;1.7917594692;1;1;1
32;Фрунзенский;36000;10.4912742174;1200;1;30;3.4011973817;17;2.8332133441;5;1.6094379124;1;1;1
33;Фрунзенский;42000;10.6454248973;1200;1;35;3.5553480615;17;2.8332133441;8;2.0794415417;1;0;1
34;Фрунзенский;48000;10.7789562899;1455;1;33;3.4965075615;17;2.8332133441;7.2;1.974081026;1;0;1
35;Фрунзенский;55000;10.9150884642;1410;1;39;3.6635616461;17;2.8332133441;9;2.1972245773;0;0;1
36;Фрунзенский;36000;10.4912742174;1200;1;30;3.4011973817;17;2.8332133441;5;1.6094379124;1;1;1
37;Фрунзенский;42000;10.6454248973;1200;1;35;3.5553480615;17;2.8332133441;8;2.0794415417;1;0;1
38;Фрунзенский;64000;11.0666383623;1561;1;41;3.7135720667;17;2.8332133441;9.5;2.2512917986;0;0;1
39;Центральный;47000;10.7579028807;1382;1;34;3.5263605246;17;2.8332133441;7.2;1.974081026;0;0;1
40;Центральный;50000;10.8197782844;1562;1;32;3.4657359028;17;2.8332133441;7;1.9459101491;0;1;1
41;Центральный;53000;10.8780471925;1828;1;29;3.36729583;17;2.8332133441;6;1.7917594692;0;1;1
42;Центральный;70000;11.156250521;2121;1;33;3.4965075615;17;2.8332133441;7.2;1.974081026;0;0;0
44;Первомайский;40000;10.5966347331;1201;1;33.3;3.505557397;17.1;2.8390784635;6.1;1.8082887712;1;0;0
45;Фрунзенский;63000;11.0508900054;1575;1;40;3.6888794541;17.1;2.8390784635;9.5;2.2512917986;0;0;1
47;Партизанский;45000;10.7144177688;1376;1;32.7;3.4873750779;17.2;2.8449093838;6.2;1.8245492921;1;0;1
48;Московский;41000;10.6213273457;1362;1;30.1;3.4045251718;17.6;2.867898902;6;1.7917594692;1;0;1
49;Октябрьский;45000;10.7144177688;1216;1;37;3.6109179126;17.6;2.867898902;8.1;2.0918640617;0;0;0
50;Октябрьский;45000;10.7144177688;1216;1;37;3.6109179126;17.6;2.867898902;8.1;2.0918640617;0;0;0
51;Московский;55000;10.9150884642;1421;1;38.7;3.6558396;17.9;2.8848007128;8.6;2.1517622033;0;0;1
52;Фрунзенский;55000;10.9150884642;1279;1;43;3.7612001157;17.9;2.8848007128;9.1;2.2082744135;0;0;1
53;Заводской;60000;11.0020998412;1333;1;45;3.8066624898;18;2.8903717579;10.4;2.3418058061;0;1;1
54;Заводской;41000;10.6213273457;1206;1;34;3.5263605246;18;2.8903717579;7;1.9459101491;0;1;1
55;Заводской;39000;10.5713169251;1219;1;32;3.4657359028;18;2.8903717579;6.2;1.8245492921;1;0;1
56;Заводской;58000;10.9681982895;1289;1;45;3.8066624898;18;2.8903717579;9;2.1972245773;0;0;0
57;Ленинский;59000;10.9852927229;1372;1;43;3.7612001157;18;2.8903717579;10;2.302585093;0;0;1
58;Ленинский;49000;10.7995755771;1289;1;38;3.6375861597;18;2.8903717579;8;2.0794415417;1;0;1
59;Ленинский;52000;10.8589989976;1405;1;37;3.6109179126;18;2.8903717579;7;1.9459101491;0;0;1
60;Ленинский;57000;10.9508065468;1500;1;38;3.6375861597;18;2.8903717579;7;1.9459101491;1;0;0
61;Московский;34000;10.4341158036;1133;1;30;3.4011973817;18;2.8903717579;6;1.7917594692;1;0;1
62;Октябрьский;42500;10.6572593549;1328;1;32;3.4657359028;18;2.8903717579;6.4;1.8562979904;0;1;1
63;Первомайский;65000;11.0821425489;1776;1;36.6;3.6000482404;18;2.8903717579;9;2.1972245773;0;0;1
64;Первомайский;63000;11.0508900054;1416;1;44.5;3.7954891892;18;2.8903717579;9.2;2.2192034841;0;0;1
65;Фрунзенский;47500;10.76848499;1357;1;35;3.5553480615;18;2.8903717579;7.5;2.0149030205;0;0;0
66;Фрунзенский;43000;10.6689553947;1254;1;34.3;3.5351453542;18;2.8903717579;6;1.7917594692;0;1;1
67;Фрунзенский;52000;10.8589989976;1486;1;35;3.5553480615;18;2.8903717579;7.5;2.0149030205;0;0;1
68;Фрунзенский;56500;10.9419959171;1256;1;45;3.8066624898;18;2.8903717579;9.5;2.2512917986;0;0;1
69;Центральный;55000;10.9150884642;1618;1;34;3.5263605246;18;2.8903717579;7;1.9459101491;1;0;1
70;Центральный;43000;10.6689553947;1433;1;30;3.4011973817;18;2.8903717579;6;1.7917594692;1;1;1
71;Центральный;55000;10.9150884642;1618;1;34;3.5263605246;18;2.8903717579;7;1.9459101491;1;0;1
74;Первомайский;60000;11.0020998412;1415;1;42.4;3.7471483622;18.2;2.9014215941;9.5;2.2512917986;0;1;0
75;Первомайский;49000;10.7995755771;1541;1;31.8;3.4594662898;18.9;2.9391619221;5.7;1.7404661748;0;0;1
77;Заводской;47000;10.7579028807;1424;1;33;3.4965075615;19;2.9444389792;6;1.7917594692;0;1;1
78;Ленинский;48000;10.7789562899;1333;1;36;3.5835189385;19;2.9444389792;6.5;1.8718021769;1;1;1
79;Ленинский;84000;11.3385720778;1292;2;65;4.1743872699;19;2.9444389792;41;3.7135720667;0;0;0
80;Московский;65000;11.0821425489;2031;1;32;3.4657359028;19;2.9444389792;6.2;1.8245492921;0;1;1
81;Советский;46000;10.7363966755;1394;1;33;3.4965075615;19;2.9444389792;6;1.7917594692;1;1;1
82;Советский;49000;10.7995755771;1531;1;32;3.4657359028;19;2.9444389792;5.8;1.7578579176;0;0;1
83;Центральный;46500;10.7472075916;1500;1;31;3.4339872045;19;2.9444389792;6;1.7917594692;0;0;1
85;Советский;55000;10.9150884642;1852;1;29.7;3.3911470458;19.1;2.9496883351;6;1.7917594692;1;1;1
86;Октябрьский;68000;11.1272629842;1557;1;43.67;3.7766613675;19.3;2.9601050959;10.3;2.3321438952;1;1;1
87;Партизанский;78000;11.2644641057;2091;1;37.3;3.6189933266;19.5;2.9704144656;8.5;2.1400661635;0;1;1
88;Фрунзенский;69000;11.1418617836;1345;1;51.3;3.9376907522;20.2;3.0056826044;11.2;2.4159137783;0;0;0
90;Московский;46000;10.7363966755;1211;2;38;3.6375861597;22.1;3.0955776085;7.4;2.0014800002;0;1;1
91;Московский;61500;11.0267924538;1281;1;48;3.8712010109;23;3.1354942159;9;2.1972245773;0;0;1
92;Октябрьский;54500;10.9059559807;1362;2;40;3.6888794541;23;3.1354942159;7;1.9459101491;1;0;1
93;Первомайский;47000;10.7579028807;1306;2;36;3.5835189385;23;3.1354942159;6;1.7917594692;1;1;1
94;Советский;53000;10.8780471925;1262;2;42;3.7376696183;23;3.1354942159;6;1.7917594692;0;1;0
95;Фрунзенский;75100;11.2265758378;1336;1;56.2;4.0289167569;23.5;3.1570004212;10.3;2.3321438952;0;1;0
96;Советский;110000;11.6082356448;1630;2;67.5;4.2121275979;23.6;3.161246712;25.5;3.2386784522;1;1;1
97;Заводской;54000;10.8967393255;1360;2;39.7;3.6813511877;23.7;3.1654750481;7.2;1.974081026;1;0;1
98;Советский;54900;10.9132686275;1366;2;40.2;3.6938669956;23.7;3.1654750481;6.2;1.8245492921;1;1;1
99;Заводской;55000;10.9150884642;1447;2;38;3.6375861597;24;3.1780538303;6.2;1.8245492921;0;0;1
100;Ленинский;53000;10.8780471925;1359;2;39;3.6635616461;24;3.1780538303;6.2;1.8245492921;1;0;1
101;Первомайский;53700;10.8911682805;1377;2;39;3.6635616461;24;3.1780538303;6.2;1.8245492921;0;0;1
102;Первомайский;55000;10.9150884642;1447;2;38;3.6375861597;24.2;3.1863526332;5.7;1.7404661748;1;1;0
103;Партизанский;64000;11.0666383623;1684;1;38;3.6375861597;24.6;3.2027464429;-;4.6249728133;0;1;0
104;Партизанский;85000;11.3504065355;1476;3;57.6;4.0535225677;24.7;3.2068032436;24.2;3.1863526332;0;0;0
105;Фрунзенский;54000;10.8967393255;1216;2;44.4;3.7932394694;24.8;3.2108436532;8.2;2.1041341543;1;1;1
106;Ленинский;47000;10.7579028807;603;2;78;4.3567088267;25;3.2188758249;11;2.3978952728;0;1;1
107;Партизанский;65000;11.0821425489;1625;2;40;3.6888794541;25;3.2188758249;5;1.6094379124;1;1;1
108;Первомайский;75000;11.2252433925;1645;2;45.6;3.8199077165;25;3.2188758249;8;2.0794415417;0;1;1
109;Первомайский;54000;10.8967393255;1317;2;41;3.7135720667;25;3.2188758249;6;1.7917594692;1;0;1
110;Первомайский;54000;10.8967393255;1317;2;41;3.7135720667;25.5;3.2386784522;6.3;1.8405496334;0;0;1
111;Заводской;48000;10.7789562899;1171;2;41;3.7135720667;26;3.258096538;2;0.6931471806;1;0;1
112;Московский;71000;11.170435156;1690;2;42;3.7376696183;26;3.258096538;6.4;1.8562979904;0;1;1
113;Октябрьский;54000;10.8967393255;1317;2;41;3.7135720667;26;3.258096538;6;1.7917594692;0;1;1
114;Центральный;54000;10.8967393255;1286;2;42;3.7376696183;26;3.258096538;6;1.7917594692;1;1;1
115;Первомайский;53800;10.8930287461;1312;2;41;3.7135720667;26.2;3.2657594108;6;1.7917594692;1;0;1
116;Заводской;45000;10.7144177688;1184;2;38;3.6375861597;27;3.295836866;5;1.6094379124;1;1;1
117;Заводской;50000;10.8197782844;1163;2;43;3.7612001157;27;3.295836866;6;1.7917594692;1;1;0
118;Московский;55000;10.9150884642;1279;2;43;3.7612001157;27;3.295836866;6;1.7917594692;0;0;1
119;Фрунзенский;53500;10.8874369329;1216;2;44;3.7841896339;27;3.295836866;6;1.7917594692;0;0;1
121;Фрунзенский;54900;10.9132686275;1177;2;46.66;3.8428872666;27.01;3.2962071678;9.11;2.2093727113;1;0;1
122;Первомайский;131000;11.7829526022;1650;1;79.4;4.3744983683;27.7;3.3214324132;17.1;2.8390784635;0;1;0
123;Заводской;50000;10.8197782844;1064;2;47;3.8501476017;28;3.3322045102;7.2;1.974081026;0;0;1
124;Заводской;50000;10.8197782844;1087;2;46;3.8286413965;28;3.3322045102;6;1.7917594692;1;0;1
125;Заводской;76500;11.2450460198;1471;2;52;3.9512437186;28;3.3322045102;9.33;2.2332350149;0;0;1
126;Ленинский;60000;11.0020998412;1277;2;47;3.8501476017;28;3.3322045102;7.2;1.974081026;0;0;1
127;Ленинский;65900;11.0958937205;1402;2;47;3.8501476017;28;3.3322045102;7;1.9459101491;0;0;1
128;Ленинский;62000;11.034889664;1127;2;55;4.0073331852;28;3.3322045102;9.5;2.2512917986;0;0;1
129;Ленинский;52000;10.8589989976;1209;2;43;3.7612001157;28;3.3322045102;6;1.7917594692;0;0;1
130;Московский;62000;11.034889664;1319;2;47;3.8501476017;28;3.3322045102;7;1.9459101491;0;0;1
131;Московский;72000;11.184421398;1371;2;52.5;3.9608131696;28;3.3322045102;9.3;2.2300144002;1;0;1
132;Московский;55000;10.9150884642;1122;2;49;3.8918202981;28;3.3322045102;7.5;2.0149030205;0;0;1
133;Октябрьский;54500;10.9059559807;1160;2;47;3.8501476017;28;3.3322045102;7;1.9459101491;0;0;1
134;Первомайский;53000;10.8780471925;1205;2;44;3.7841896339;28;3.3322045102;6;1.7917594692;1;0;1
135;Советский;75000;11.2252433925;1531;2;49;3.8918202981;28;3.3322045102;9;2.1972245773;0;1;1
136;Фрунзенский;70000;11.156250521;1400;2;50;3.9120230054;28;3.3322045102;10;2.302585093;1;1;1
137;Фрунзенский;53000;10.8780471925;1233;2;43;3.7612001157;28;3.3322045102;6;1.7917594692;1;0;1
138;Центральный;50000;10.8197782844;1316;2;38;3.6375861597;28;3.3322045102;5;1.6094379124;1;1;1
139;Центральный;60000;11.0020998412;1364;2;44;3.7841896339;28;3.3322045102;6;1.7917594692;0;0;1
140;Центральный;57000;10.9508065468;1163;2;49;3.8918202981;28;3.3322045102;6;1.7917594692;1;0;1
141;Центральный;175000;12.0725412529;3431;2;51;3.9318256327;28;3.3322045102;8;2.0794415417;0;1;1
142;Центральный;54500;10.9059559807;1267;2;43;3.7612001157;28;3.3322045102;6.1;1.8082887712;0;1;1
144;Заводской;54500;10.9059559807;1173;2;46.47;3.8388069431;28.2;3.3393219779;7.16;1.968509981;0;0;1
145;Фрунзенский;73000;11.1982147201;1495;2;48.83;3.8883448781;28.34;3.3442742343;7.2;1.974081026;0;0;1
146;Заводской;54500;10.9059559807;1160;2;47;3.8501476017;28.5;3.3499040873;7.2;1.974081026;1;0;1
147;Заводской;55000;10.9150884642;1171;2;46.95;3.8490832057;28.56;3.3520071375;7.2;1.974081026;0;0;1
148;Ленинский;54500;10.9059559807;1087;2;50.14;3.9148190927;28.56;3.3520071375;6.45;1.8640801308;1;1;1
149;Московский;53500;10.8874369329;1173;2;45.6;3.8199077165;28.6;3.3534067178;5.9;1.7749523509;0;0;1
150;Московский;55000;10.9150884642;1279;2;43;3.7612001157;28.6;3.3534067178;5.6;1.7227665977;1;0;1
151;Первомайский;54000;10.8967393255;1227;2;44;3.7841896339;28.6;3.3534067178;6.2;1.8245492921;0;0;1
152;Первомайский;54500;10.9059559807;1256;2;43.4;3.7704594411;28.7;3.3568971228;6;1.7917594692;1;0;1
153;Фрунзенский;53000;10.8780471925;1199;2;44.2;3.7887247891;28.7;3.3568971228;6.2;1.8245492921;1;0;0
154;Октябрьский;110000;11.6082356448;1957;2;56.2;4.0289167569;28.9;3.3638415951;10;2.302585093;0;0;0
155;Ленинский;55000;10.9150884642;1250;2;44;3.7841896339;29;3.36729583;6.1;1.8082887712;1;0;1
156;Московский;54000;10.8967393255;1256;2;43;3.7612001157;29;3.36729583;5.6;1.7227665977;0;1;1
157;Октябрьский;53500;10.8874369329;1244;2;43.01;3.7614326468;29;3.36729583;6;1.7917594692;1;1;1
158;Партизанский;54900;10.9132686275;1274;2;43.1;3.7635229971;29;3.36729583;6;1.7917594692;0;1;1
159;Первомайский;63000;11.0508900054;1432;2;44;3.7841896339;29;3.36729583;6;1.7917594692;0;0;1
160;Первомайский;87000;11.3736633976;1445;2;60.2;4.0976723523;29;3.36729583;9.5;2.2512917986;0;1;1
161;Фрунзенский;68000;11.1272629842;1360;2;50;3.9120230054;29;3.36729583;9;2.1972245773;0;0;1
162;Центральный;110000;11.6082356448;2000;2;55;4.0073331852;29;3.36729583;8.5;2.1400661635;0;0;1
163;Московский;55000;10.9150884642;1279;2;43;3.7612001157;29.2;3.3741687093;6.2;1.8245492921;1;0;1
164;Ленинский;62800;11.0477103525;1256;2;50;3.9120230054;29.3;3.377587516;9;2.1972245773;0;0;1
165;Октябрьский;55000;10.9150884642;1238;2;44.41;3.7934646693;29.3;3.377587516;5.88;1.7715567619;0;1;1
166;Фрунзенский;66000;11.097410021;1320;2;50;3.9120230054;29.31;3.3779287547;7.14;1.9657127764;0;0;1
167;Октябрьский;55000;10.9150884642;1100;2;50;3.9120230054;29.4;3.3809946743;7.2;1.974081026;0;0;1
168;Фрунзенский;54900;10.9132686275;1009;2;54.4;3.9963641539;29.5;3.3843902633;8.3;2.1162555148;1;0;1
169;Партизанский;55000;10.9150884642;1168;2;47.1;3.852273001;29.6;3.3877743613;9.1;2.2082744135;1;1;1
170;Московский;55000;10.9150884642;1369;2;40.18;3.6933693594;29.63;3.3887873616;4.77;1.5623463049;0;1;1
171;Советский;79900;11.2885311318;1658;2;48.18;3.8749439972;29.68;3.3904734183;6.59;1.8855533485;1;1;1
172;Ленинский;55000;10.9150884642;1242;2;44.3;3.7909846771;29.7;3.3911470458;5.6;1.7227665977;1;1;1
173;Советский;75400;11.230562554;1300;1;58;4.0604430105;29.7;3.3911470458;11.4;2.4336133554;0;0;0
174;Ленинский;80000;11.2897819137;1597;2;50.1;3.9140210081;29.8;3.3945083935;7.5;2.0149030205;0;1;1
175;Ленинский;55000;10.9150884642;1100;2;50;3.9120230054;30;3.4011973817;6.7;1.9021075264;0;1;1
176;Московский;58000;10.9681982895;1234;2;47;3.8501476017;30;3.4011973817;7;1.9459101491;0;0;1
177;Октябрьский;49700;10.8137602121;1156;2;43;3.7612001157;30;3.4011973817;6;1.7917594692;0;0;1
178;Первомайский;57500;10.9595402268;1278;2;45;3.8066624898;30;3.4011973817;6;1.7917594692;0;0;1
179;Первомайский;85000;11.3504065355;1574;2;54;3.9889840466;30;3.4011973817;10;2.302585093;0;1;1
180;Советский;90000;11.4075649493;1689;2;53.3;3.9759363312;30;3.4011973817;9;2.1972245773;0;1;1
181;Советский;129000;11.7675676833;2179;2;59.2;4.0809215419;30;3.4011973817;11.9;2.4765384001;1;1;0
182;Фрунзенский;59000;10.9852927229;1180;2;50;3.9120230054;30;3.4011973817;8.4;2.1282317058;0;0;1
183;Фрунзенский;66000;11.097410021;1320;2;50;3.9120230054;30;3.4011973817;7.2;1.974081026;0;0;0
184;Фрунзенский;85000;11.3504065355;1466;2;58;4.0604430105;30;3.4011973817;11;2.3978952728;0;0;0
185;Центральный;49000;10.7995755771;1140;2;43;3.7612001157;30;3.4011973817;6;1.7917594692;1;0;0
186;Центральный;148000;11.9049675527;2387;3;62;4.127134385;30;3.4011973817;18.2;2.9014215941;1;1;1
187;Центральный;53000;10.8780471925;1178;2;45;3.8066624898;30;3.4011973817;5.8;1.7578579176;1;1;1
188;Фрунзенский;65000;11.0821425489;1477;2;44;3.7841896339;30.3;3.4111477125;5.7;1.7404661748;0;0;1
189;Московский;55000;10.9150884642;1310;2;42;3.7376696183;30.5;3.4177266836;6.2;1.8245492921;0;1;1
190;Первомайский;53000;10.8780471925;1152;2;46;3.8286413965;30.5;3.4177266836;5.6;1.7227665977;0;0;1
191;Октябрьский;52000;10.8589989976;1128;2;46.1;3.83081295;30.6;3.421000009;5.9;1.7749523509;0;0;0
192;Партизанский;53500;10.8874369329;1166;2;45.89;3.8262472284;30.6;3.421000009;6;1.7917594692;0;0;1
193;Первомайский;53000;10.8780471925;1178;2;45;3.8066624898;30.6;3.421000009;5.8;1.7578579176;0;0;1
194;Центральный;53000;10.8780471925;1186;2;44.7;3.7999735016;30.7;3.4242626546;5.9;1.7749523509;0;0;1
195;Фрунзенский;54500;10.9059559807;1217;2;44.8;3.8022081394;30.9;3.4307561839;6;1.7917594692;0;0;1
196;Заводской;68000;11.1272629842;1115;2;61;4.1108738642;31;3.4339872045;9.5;2.2512917986;1;0;0
197;Ленинский;75000;11.2252433925;1293;2;58;4.0604430105;31;3.4339872045;9.8;2.2823823857;1;0;1
198;Ленинский;85000;11.3504065355;1417;2;60;4.0943445622;31;3.4339872045;9;2.1972245773;0;0;1
199;Первомайский;51000;10.8395809117;1214;2;42;3.7376696183;31;3.4339872045;6;1.7917594692;1;0;1
200;Первомайский;51000;10.8395809117;1214;2;42;3.7376696183;31;3.4339872045;6;1.7917594692;1;0;1
201;Советский;83000;11.3265958868;1766;2;47;3.8501476017;31;3.4339872045;8;2.0794415417;0;1;1
202;Советский;54000;10.8967393255;1256;2;43;3.7612001157;31;3.4339872045;6.1;1.8082887712;0;1;0
203;Фрунзенский;69000;11.1418617836;1353;2;51;3.9318256327;31;3.4339872045;7.2;1.974081026;0;1;1
204;Фрунзенский;72000;11.184421398;1180;2;61;4.1108738642;31;3.4339872045;9.5;2.2512917986;0;0;0
205;Фрунзенский;55000;10.9150884642;1168;2;47.1;3.852273001;31;3.4339872045;7.6;2.0281482473;1;0;1
206;Центральный;53000;10.8780471925;1218;2;43.5;3.7727609381;31;3.4339872045;6.5;1.8718021769;0;0;1
207;Центральный;54000;10.8967393255;1200;2;45;3.8066624898;31;3.4339872045;7.5;2.0149030205;1;0;1
208;Фрунзенский;54000;10.8967393255;1253;2;43.1;3.7635229971;31.3;3.4436180975;5.6;1.7227665977;0;1;1
209;Советский;190000;12.1547793511;3405;2;55.8;4.0217738694;31.4;3.4468078929;8.7;2.1633230257;0;1;1
210;Ленинский;55000;10.9150884642;1170;2;47;3.8501476017;31.5;3.4499875458;6.12;1.8115620965;0;0;1
211;Ленинский;54000;10.8967393255;1144;2;47.2;3.8543938926;31.7;3.4563166809;6.2;1.8245492921;1;0;0
212;Фрунзенский;73000;11.1982147201;1351;2;54.03;3.9895394479;31.7;3.4563166809;9.4;2.2407096893;1;0;1
213;Октябрьский;54000;10.8967393255;1116;2;48.4;3.8794998137;31.8;3.4594662898;7.4;2.0014800002;0;0;1
214;Первомайский;54000;10.8967393255;1144;2;47.2;3.8543938926;31.8;3.4594662898;6;1.7917594692;1;0;1
215;Фрунзенский;55000;10.9150884642;1136;2;48.4;3.8794998137;31.8;3.4594662898;7.5;2.0149030205;1;0;1
216;Заводской;54500;10.9059559807;1160;2;47;3.8501476017;32;3.4657359028;6.2;1.8245492921;1;0;1
217;Ленинский;105000;11.5617156291;1750;2;60;4.0943445622;32;3.4657359028;10;2.302585093;1;1;1
218;Ленинский;54000;10.8967393255;1149;2;47;3.8501476017;32;3.4657359028;6;1.7917594692;1;0;1
219;Ленинский;54700;10.9096189884;1094;2;50;3.9120230054;32;3.4657359028;6.2;1.8245492921;0;0;1
220;Ленинский;55000;10.9150884642;1170;2;47;3.8501476017;32;3.4657359028;6.2;1.8245492921;1;0;1
221;Октябрьский;82000;11.3144745262;1421;2;57.7;4.0552571735;32;3.4657359028;10;2.302585093;0;0;1
222;Октябрьский;54000;10.8967393255;1080;2;50;3.9120230054;32;3.4657359028;7.5;2.0149030205;1;0;1
223;Партизанский;70000;11.156250521;1346;2;52;3.9512437186;32;3.4657359028;9;2.1972245773;0;1;1
224;Советский;69000;11.1418617836;1500;2;46;3.8286413965;32;3.4657359028;7.2;1.974081026;0;1;1
225;Фрунзенский;60000;11.0020998412;1000;3;60;4.0943445622;32;3.4657359028;10;2.302585093;0;0;1
226;Фрунзенский;62500;11.0429218357;1157;2;54;3.9889840466;32;3.4657359028;9.3;2.2300144002;0;0;1
227;Фрунзенский;54500;10.9059559807;1144;2;47.63;3.8634628148;32;3.4657359028;6.2;1.8245492921;1;0;1
228;Центральный;120000;11.6952470218;2222;2;54;3.9889840466;32;3.4657359028;8;2.0794415417;1;1;1
229;Заводской;58000;10.9681982895;1155;2;50.2;3.9160150267;32.1;3.4688560301;7.1;1.960094784;0;1;1
230;Фрунзенский;54000;10.8967393255;1137;2;47.5;3.860729711;32.1;3.4688560301;6.2;1.8245492921;1;0;1
231;Центральный;54500;10.9059559807;1230;2;44.3;3.7909846771;32.52;3.4818552847;5.8;1.7578579176;0;1;0
232;Заводской;51000;10.8395809117;1092;2;46.7;3.8437441647;32.8;3.4904285154;6;1.7917594692;1;0;1
234;Заводской;67000;11.1124478984;1314;2;51;3.9318256327;33;3.4965075615;8;2.0794415417;0;1;1
235;Заводской;53500;10.8874369329;1189;2;45;3.8066624898;33;3.4965075615;6;1.7917594692;0;0;1
236;Фрунзенский;52000;10.8589989976;1156;2;45;3.8066624898;33;3.4965075615;6;1.7917594692;1;0;1
237;Центральный;150000;11.9183905731;2239;2;67;4.2046926194;33;3.4965075615;10;2.302585093;1;1;1
238;Центральный;53000;10.8780471925;1152;2;46;3.8286413965;33;3.4965075615;6;1.7917594692;1;0;1
239;Центральный;53500;10.8874369329;1189;2;45;3.8066624898;33;3.4965075615;6;1.7917594692;0;0;1
240;Центральный;54000;10.8967393255;1200;2;45;3.8066624898;33;3.4965075615;5.7;1.7404661748;0;0;1
241;Октябрьский;54900;10.9132686275;1036;2;53;3.9702919136;33.5;3.5115454388;8;2.0794415417;0;1;1
242;Фрунзенский;150000;11.9183905731;2113;2;71;4.262679877;33.6;3.514526067;19;2.9444389792;0;1;1
243;Заводской;55000;10.9150884642;1122;2;49;3.8918202981;34;3.5263605246;6;1.7917594692;1;0;1
244;Ленинский;56000;10.9331069697;1120;2;50;3.9120230054;34;3.5263605246;6.2;1.8245492921;0;0;1
245;Ленинский;69500;11.1490820316;1139;2;61;4.1108738642;34;3.5263605246;8;2.0794415417;0;1;0
246;Советский;79000;11.2772031314;1491;2;53;3.9702919136;34;3.5263605246;6;1.7917594692;0;1;0
247;Заводской;55000;10.9150884642;1102;2;49.9;3.9100210028;34.4;3.5380565644;6.2;1.8245492921;0;0;1
248;Октябрьский;54000;10.8967393255;1087;2;49.7;3.9060049331;34.4;3.5380565644;6.2;1.8245492921;0;0;1
249;Ленинский;68500;11.1345890243;1245;3;55;4.0073331852;35;3.5553480615;7.6;2.0281482473;0;1;1
250;Ленинский;56000;10.9331069697;1057;3;53;3.9702919136;35;3.5553480615;6;1.7917594692;1;0;1
251;Ленинский;105000;11.5617156291;1944;2;54;3.9889840466;35;3.5553480615;8.7;2.1633230257;0;1;1
252;Первомайский;170000;12.043553716;2429;2;70;4.248495242;35;3.5553480615;14;2.6390573296;0;0;1
253;Партизанский;53000;10.8780471925;994;2;53.3;3.9759363312;35.4;3.5667118201;7;1.9459101491;0;1;0
254;Фрунзенский;74000;11.2118203722;1138;3;65;4.1743872699;35.5;3.5695326965;8;2.0794415417;0;1;0
255;Первомайский;205000;12.2307652581;3213;2;63.8;4.1557531904;36;3.5835189385;11.7;2.4595888418;0;1;1
256;Фрунзенский;83000;11.3265958868;1122;2;74;4.3040650932;36;3.5835189385;11;2.3978952728;0;0;0
257;Фрунзенский;77000;11.2515607008;1027;2;75;4.3174881135;36;3.5835189385;11;2.3978952728;1;0;1
258;Фрунзенский;78000;11.2644641057;1114;2;70;4.248495242;36;3.5835189385;12;2.4849066498;0;0;1
259;Первомайский;110000;11.6082356448;1565;2;70.3;4.2527717988;36.2;3.5890591188;15.2;2.7212954279;0;1;1
260;Ленинский;90000;11.4075649493;1475;2;61;4.1108738642;37;3.6109179126;8;2.0794415417;1;1;1
261;Советский;82000;11.3144745262;1302;3;63;4.1431347264;37;3.6109179126;9;2.1972245773;1;0;1
262;Первомайский;60000;11.0020998412;1119;2;53.6;3.9815490681;37.6;3.6270040504;6.2;1.8245492921;0;0;1
263;Ленинский;160000;11.9829290942;2857;2;56;4.0253516907;38;3.6375861597;6.5;1.8718021769;0;1;1
264;Ленинский;160000;11.9829290942;2857;2;56;4.0253516907;38;3.6375861597;6.5;1.8718021769;0;1;1
265;Октябрьский;88000;11.3850920935;1333;3;66;4.189654742;38;3.6375861597;9;2.1972245773;0;0;1
266;Советский;98000;11.4927227577;1307;2;75;4.3174881135;38;3.6375861597;10.4;2.3418058061;0;0;0
268;Партизанский;114000;11.6439537274;1900;2;60;4.0943445622;39;3.6635616461;8;2.0794415417;0;1;1
269;Ленинский;98000;11.4927227577;1361;3;72;4.276666119;40;3.6888794541;10;2.302585093;1;1;1
270;Октябрьский;100000;11.512925465;1515;3;66;4.189654742;40;3.6888794541;9;2.1972245773;0;1;1
271;Партизанский;140000;11.8493977016;1867;3;75;4.3174881135;40;3.6888794541;11;2.3978952728;1;1;1
272;Советский;90000;11.4075649493;1385;3;65;4.1743872699;40;3.6888794541;9;2.1972245773;0;1;1
273;Фрунзенский;71000;11.170435156;1268;2;56;4.0253516907;40;3.6888794541;9;2.1972245773;0;0;0
274;Центральный;340000;12.7367008966;4742;2;71.7;4.2724907476;40;3.6888794541;11;2.3978952728;0;1;1
275;Октябрьский;57000;10.9508065468;983;3;58;4.0604430105;41;3.7135720667;6;1.7917594692;1;0;1
276;Центральный;125000;11.7360690163;1894;3;66;4.189654742;41;3.7135720667;8.4;2.1282317058;0;1;0
278;Фрунзенский;79000;11.2772031314;1152;3;68.6;4.2282925347;41.9;3.7352858269;7.2;1.974081026;0;0;0
279;Заводской;62500;11.0429218357;1030;3;61;4.1108738642;42;3.7376696183;8.6;2.1517622033;1;1;1
280;Советский;250000;12.4292161968;3472;3;72;4.276666119;42;3.7376696183;10;2.302585093;1;1;1
281;Центральный;185000;12.1281111041;2534;3;73;4.2904594411;42;3.7376696183;14;2.6390573296;0;1;1
282;Центральный;125000;11.7360690163;1603;3;78;4.3567088267;42;3.7376696183;9.6;2.2617630985;0;0;1
283;Первомайский;82000;11.3144745262;1262;3;65;4.1743872699;42.2;3.742420221;7.2;1.974081026;0;0;1
284;Ленинский;125000;11.7360690163;1786;3;70;4.248495242;43;3.7612001157;8;2.0794415417;1;1;1
285;Партизанский;160000;11.9829290942;2353;3;68;4.2195077052;43;3.7612001157;9;2.1972245773;0;1;1
286;Первомайский;90000;11.4075649493;1406;3;64;4.1588830834;43;3.7612001157;7;1.9459101491;0;0;1
287;Первомайский;80000;11.2897819137;1231;3;65;4.1743872699;43;3.7612001157;7.2;1.974081026;1;0;0
288;Советский;85000;11.3504065355;1349;3;63;4.1431347264;43;3.7612001157;7;1.9459101491;0;0;1
289;Советский;133000;11.7981044072;1956;3;68;4.2195077052;43;3.7612001157;9;2.1972245773;0;1;0
290;Фрунзенский;77000;11.2515607008;1203;3;64;4.1588830834;43;3.7612001157;7;1.9459101491;0;0;1
291;Фрунзенский;68000;11.1272629842;1147;3;59.3;4.082609306;43;3.7612001157;6;1.7917594692;0;0;1
292;Фрунзенский;75000;11.2252433925;1190;3;63;4.1431347264;43;3.7612001157;7;1.9459101491;0;0;1
293;Фрунзенский;75000;11.2252433925;1119;3;67;4.2046926194;43;3.7612001157;7;1.9459101491;0;0;1
294;Центральный;90000;11.4075649493;1406;3;64;4.1588830834;43;3.7612001157;7;1.9459101491;0;0;1
295;Московский;75000;11.2252433925;1192;3;62.9;4.1415461637;43.2;3.7658404953;9.2;2.2192034841;0;0;1
296;Советский;109000;11.5991031612;1535;3;71;4.262679877;43.3;3.768152635;9.05;2.2027647577;0;0;1
297;Московский;82500;11.3205535723;1307;3;63.13;4.1451960924;43.41;3.7706898293;7.11;1.9615022438;0;0;1
298;Советский;95000;11.4616321706;1498;3;63.42;4.1497792691;43.57;3.7743688401;7.23;1.9782390362;0;0;1
299;Фрунзенский;89000;11.3963916487;1249;3;72;4.276666119;43.8;3.7796338174;9.32;2.2321626287;0;0;1
300;Ленинский;89000;11.3963916487;1203;3;74;4.3040650932;44;3.7841896339;10;2.302585093;0;0;1
301;Фрунзенский;86000;11.3621025752;1344;3;64;4.1588830834;44;3.7841896339;7;1.9459101491;0;0;1
302;Фрунзенский;99900;11.5119249646;1388;3;72;4.276666119;44;3.7841896339;11.5;2.4423470354;0;0;1
303;Фрунзенский;105000;11.5617156291;1265;3;83;4.4188406078;44;3.7841896339;12;2.4849066498;0;1;0
304;Фрунзенский;110000;11.6082356448;1163;3;94.6;4.5496574761;44.5;3.7954891892;13;2.5649493575;1;0;0
305;Московский;179000;12.0951410848;2238;3;80;4.3820266347;44.8;3.8022081394;14.1;2.6461747974;0;0;0
306;Московский;50000;10.8197782844;877;1;57;4.0430512678;45;3.8066624898;9;2.1972245773;0;0;1
307;Московский;94700;11.4584692792;1334;3;71;4.262679877;45;3.8066624898;10;2.302585093;0;0;1
308;Октябрьский;53000;10.8780471925;1000;2;53;3.9702919136;45;3.8066624898;7.5;2.0149030205;0;1;1
309;Московский;170000;12.043553716;2191;3;77.6;4.3515674272;46;3.8286413965;13.5;2.6026896854;0;1;1
310;Октябрьский;95000;11.4616321706;1397;3;68;4.2195077052;46;3.8286413965;7;1.9459101491;0;0;1
311;Октябрьский;90000;11.4075649493;1200;3;75;4.3174881135;46;3.8286413965;7.5;2.0149030205;1;1;1
312;Партизанский;145000;11.8844890214;1908;3;76;4.3307333403;46;3.8286413965;12;2.4849066498;0;1;1
313;Партизанский;72000;11.184421398;1167;3;61.7;4.1222839309;46;3.8286413965;6;1.7917594692;1;0;0
314;Первомайский;72500;11.1913418408;1189;3;61;4.1108738642;46;3.8286413965;6.2;1.8245492921;1;1;1
315;Советский;150000;11.9183905731;1899;3;79;4.3694478525;46;3.8286413965;10;2.302585093;0;1;1
316;Фрунзенский;74000;11.2118203722;1147;3;64.5;4.1666652238;46;3.8286413965;7.5;2.0149030205;0;0;1
317;Ленинский;190000;12.1547793511;2490;3;76.32;4.3349350271;46.2;3.8329797981;7.13;1.9643112344;0;1;1
318;Фрунзенский;118000;11.6784399034;1573;3;75;4.3174881135;46.8;3.8458832029;9.5;2.2512917986;1;0;1
319;Заводской;83000;11.3265958868;1078;1;77;4.3438054219;47;3.8501476017;10;2.302585093;0;0;0
320;Фрунзенский;70000;11.156250521;1077;3;65;4.1743872699;47;3.8501476017;7;1.9459101491;0;0;1
322;Октябрьский;75000;11.2252433925;1111;3;67.5;4.2121275979;47.8;3.8670256395;7.1;1.960094784;1;0;1
323;Фрунзенский;103000;11.5424842672;1108;3;93;4.5325994932;48;3.8712010109;12;2.4849066498;0;0;1
324;Центральный;125000;11.7360690163;1359;3;92;4.521788577;48;3.8712010109;22;3.0910424534;1;0;0
325;Фрунзенский;71000;11.170435156;1086;3;65.4;4.1805222585;48.2;3.8753590211;7.5;2.0149030205;1;0;1
326;Советский;97000;11.4824662575;1252;4;77.5;4.3502779364;48.96;3.8910036382;7.22;1.9768549529;0;0;1
327;Московский;120000;11.6952470218;1165;3;103;4.6347289882;49;3.8918202981;12;2.4849066498;0;1;0
328;Первомайский;108000;11.5898865061;1500;3;72;4.276666119;49;3.8918202981;10;2.302585093;1;1;1
329;Фрунзенский;107000;11.5805841134;1646;3;65;4.1743872699;49;3.8918202981;7;1.9459101491;0;0;1
331;Первомайский;205000;12.2307652581;2158;3;95;4.5538768916;50;3.9120230054;17;2.8332133441;1;1;1
332;Фрунзенский;110000;11.6082356448;1393;3;79;4.3694478525;50;3.9120230054;11;2.3978952728;0;0;1
333;Центральный;152000;11.9316357998;1448;2;105;4.6539603502;50;3.9120230054;18;2.8903717579;0;1;1
334;Центральный;152000;11.9316357998;1448;2;105;4.6539603502;50;3.9120230054;18;2.8903717579;0;1;1
335;Фрунзенский;90000;11.4075649493;1098;3;82;4.4067192473;51;3.9318256327;10;2.302585093;0;0;1
336;Фрунзенский;93000;11.4403547721;1192;4;78;4.3567088267;51;3.9318256327;9;2.1972245773;0;0;1
338;Фрунзенский;118000;11.6784399034;1490;3;79.2;4.3719762988;51.6;3.9435216725;10.5;2.3513752572;1;0;1
339;Центральный;175000;12.0725412529;2244;3;78;4.3567088267;51.7;3.9454577815;14;2.6390573296;0;1;1
340;Московский;143000;11.8705999092;1723;3;83;4.4188406078;52;3.9512437186;13;2.5649493575;0;1;0
341;Центральный;140000;11.8493977016;1591;4;88;4.4773368145;52;3.9512437186;18;2.8903717579;0;1;1
342;Фрунзенский;145000;11.8844890214;1762;4;82.3;4.4103711077;52.7;3.9646154555;7.1;1.960094784;0;0;1
343;Партизанский;147000;11.8981878658;2000;3;73.5;4.2972854062;52.9;3.9684033389;6.1;1.8082887712;0;1;1
344;Московский;78000;11.2644641057;975;4;80;4.3820266347;53;3.9702919136;7;1.9459101491;1;0;1
345;Центральный;135000;11.8130300574;1627;4;83;4.4188406078;53;3.9702919136;8.6;2.1517622033;1;1;1
346;Московский;98000;11.4927227577;1250;4;78.4;4.3618239274;53.2;3.9740583963;7.1;1.960094784;0;0;1
347;Октябрьский;98000;11.4927227577;1279;4;76.62;4.3388581393;53.67;3.9828541862;7.12;1.9629077254;0;1;1
348;Советский;138000;11.8350089641;1426;3;96.8;4.5726469943;54;3.9889840466;13;2.5649493575;0;0;0
349;Фрунзенский;87000;11.3736633976;1115;4;78;4.3567088267;54;3.9889840466;7;1.9459101491;0;0;1
350;Фрунзенский;95000;11.4616321706;1218;4;78;4.3567088267;54;3.9889840466;7.2;1.974081026;0;0;1
352;Центральный;130000;11.7752897294;1512;4;86;4.4543472963;54.6;4.0000338828;7.3;1.9878743482;0;0;1
353;Центральный;160000;11.9829290942;2078;3;77;4.3438054219;55;4.0073331852;7;1.9459101491;0;1;1
354;Партизанский;170000;12.043553716;1700;3;100;4.605170186;55.5;4.0163830208;15.2;2.7212954279;0;0;0
355;Московский;79000;11.2772031314;986;4;80.1;4.3832758541;55.8;4.0217738694;7.2;1.974081026;1;0;1
356;Октябрьский;67000;11.1124478984;870;3;77;4.3438054219;56;4.0253516907;10;2.302585093;0;0;0
357;Партизанский;168000;12.0317192584;1627;3;110;4.7004803658;56;4.0253516907;17;2.8332133441;0;0;0
358;Ленинский;131000;11.7829526022;1294;3;101.2;4.6170987569;57;4.0430512678;11.2;2.4159137783;0;1;0
359;Фрунзенский;131000;11.7829526022;926;4;141.5;4.9522997171;57.4;4.0500443033;17.2;2.8449093838;1;0;0
360;Центральный;290000;12.577636202;2413;3;120.2;4.7891570221;57.6;4.0535225677;13.4;2.595254707;0;0;0
361;Советский;199000;12.2010601037;2008;3;99.1;4.5961294413;59;4.0775374439;17;2.8332133441;0;1;0
362;Октябрьский;265000;12.487485105;2944;4;90;4.4998096703;60;4.0943445622;12;2.4849066498;0;1;1
363;Центральный;125000;11.7360690163;1359;4;92;4.521788577;60;4.0943445622;10;2.302585093;1;0;0
364;Советский;190000;12.1547793511;2028;3;93.7;4.5400981892;62;4.127134385;12;2.4849066498;0;1;0
365;Первомайский;226000;12.3282902783;2108;3;107.2;4.6746962486;62.5;4.1351665567;20.6;3.0252910758;0;1;0
366;Фрунзенский;199900;12.2055725205;1931;4;103.5;4.6395716127;63.5;4.1510399059;10.5;2.3513752572;0;1;1
367;Центральный;330000;12.7068479334;3134;3;105.3;4.6568134191;65.3;4.1789920363;11.2;2.4159137783;1;0;1
368;Центральный;211000;12.2596134125;1702;3;124;4.8202815656;67;4.2046926194;14.7;2.6878474938;1;0;0
369;Советский;171000;12.0494188355;1479;4;115.6;4.7501359562;68.3;4.2239097666;19.6;2.9755295662;0;1;0
370;Партизанский;200000;12.2060726455;1887;4;106;4.6634390941;69;4.2341065046;8;2.0794415417;0;1;1
371;Первомайский;405000;12.9116423461;2626;3;154.2;5.0382504611;70.8;4.2598590007;23.8;3.1696855807;0;1;1
372;Октябрьский;158000;11.970350312;1254;3;126;4.836281907;71;4.262679877;30.6;3.421000009;1;1;1
373;Фрунзенский;175500;12.0753943219;1350;4;130;4.8675344505;71;4.262679877;12;2.4849066498;1;0;1
375;Октябрьский;195000;12.1807548375;1726;4;113;4.7273878187;72;4.276666119;10;2.302585093;0;0;1
376;Советский;177600;12.0872891095;1370;4;129.6;4.8644527839;74.5;4.3107991254;14.6;2.6810215287;1;1;0
377;Советский;150000;11.9183905731;1181;3;127;4.8441870865;80;4.3820266347;16;2.7725887222;0;1;0
378;Ленинский;100000;11.512925465;1136;3;88;4.4773368145;81;4.3944491547;6;1.7917594692;0;1;1
379;Первомайский;390000;12.8739020181;2151;4;181.3;5.2001531178;86.5;4.4601444139;26.4;3.2733640102;0;1;1
380;Первомайский;270000;12.506177238;1996;3;135.3;4.9074945352;88;4.4773368145;20.2;3.0056826044;1;1;1
381;Центральный;276000;12.5281561447;2000;4;138;4.9272536852;88.6;4.4841318576;14.2;2.6532419646;0;0;0
382;Ленинский;160000;11.9829290942;1584;3;100;4.605170186;95;4.5538768916;6;1.7917594692;0;0;0
383;Советский;399000;12.8967166959;1975;4;202;5.3082676974;100;4.605170186;16;2.7725887222;1;1;1
384;Ленинский;225900;12.3278477025;1500;4;150.6;5.0146273154;102.1;4.6259527252;12.2;2.5014359517;1;0;0
385;Первомайский;225000;12.3238556812;1500;4;150;5.0106352941;110;4.7004803658;20;2.9957322736;0;1;0
386;Советский;353000;12.7742233359;1801;4;196;5.2781146592;117;4.7621739348;22;3.0910424534;0;1;1
387;Фрунзенский;59500;10.9937315915;1266;2;47;3.8501476017;28.07;3.3347013904;7.2;1.974081026;1;0;1
